-- phpMyAdmin SQL Dump
-- version 4.8.2
-- https://www.phpmyadmin.net/
--
-- Host: 127.0.0.1
-- Generation Time: Oct 04, 2018 at 08:20 PM
-- Server version: 10.1.34-MariaDB
-- PHP Version: 7.2.8

SET SQL_MODE = "NO_AUTO_VALUE_ON_ZERO";
SET AUTOCOMMIT = 0;
START TRANSACTION;
SET time_zone = "+00:00";


/*!40101 SET @OLD_CHARACTER_SET_CLIENT=@@CHARACTER_SET_CLIENT */;
/*!40101 SET @OLD_CHARACTER_SET_RESULTS=@@CHARACTER_SET_RESULTS */;
/*!40101 SET @OLD_COLLATION_CONNECTION=@@COLLATION_CONNECTION */;
/*!40101 SET NAMES utf8mb4 */;

--
-- Database: `school`
--

-- --------------------------------------------------------

--
-- Table structure for table `academic_assignment_report`
--

CREATE TABLE `academic_assignment_report` (
  `assignment_report_id` int(11) NOT NULL,
  `assignment_id` int(11) NOT NULL,
  `student_id` int(11) NOT NULL,
  `status` int(11) NOT NULL DEFAULT '1' COMMENT '1=submitted,2=not submitted',
  `session_id` int(11) NOT NULL DEFAULT '0',
  `created_at` datetime NOT NULL DEFAULT CURRENT_TIMESTAMP,
  `updated_at` datetime NOT NULL DEFAULT CURRENT_TIMESTAMP
) ENGINE=MyISAM DEFAULT CHARSET=utf8 COLLATE=utf8_unicode_ci;

--
-- Dumping data for table `academic_assignment_report`
--

INSERT INTO `academic_assignment_report` (`assignment_report_id`, `assignment_id`, `student_id`, `status`, `session_id`, `created_at`, `updated_at`) VALUES
(1, 1, 70, 1, 0, '2018-08-10 19:55:31', '2018-08-10 19:55:31'),
(2, 1, 71, 2, 0, '2018-08-10 19:55:31', '2018-08-10 19:55:31'),
(3, 1, 72, 2, 0, '2018-08-10 19:55:31', '2018-08-10 19:55:31'),
(4, 1, 73, 2, 0, '2018-08-10 19:55:31', '2018-08-10 19:55:31'),
(5, 1, 74, 2, 0, '2018-08-10 19:55:31', '2018-08-10 19:55:31'),
(6, 1, 75, 2, 0, '2018-08-10 19:55:31', '2018-08-10 19:55:31'),
(7, 1, 76, 2, 0, '2018-08-10 19:55:31', '2018-08-10 19:55:31'),
(8, 1, 77, 2, 0, '2018-08-10 19:55:31', '2018-08-10 19:55:31'),
(9, 1, 78, 2, 0, '2018-08-10 19:55:31', '2018-08-10 19:55:31'),
(10, 1, 79, 2, 0, '2018-08-10 19:55:31', '2018-08-10 19:55:31'),
(11, 1, 80, 1, 0, '2018-08-10 19:55:31', '2018-08-10 19:55:31'),
(12, 1, 81, 2, 0, '2018-08-10 19:55:31', '2018-08-10 19:55:31'),
(13, 1, 82, 2, 0, '2018-08-10 19:55:31', '2018-08-10 19:55:31'),
(14, 1, 83, 2, 0, '2018-08-10 19:55:31', '2018-08-10 19:55:31'),
(15, 1, 84, 2, 0, '2018-08-10 19:55:31', '2018-08-10 19:55:31'),
(16, 1, 85, 2, 0, '2018-08-10 19:55:31', '2018-08-10 19:55:31'),
(17, 1, 86, 1, 0, '2018-08-10 19:55:31', '2018-08-10 19:55:31'),
(18, 1, 87, 1, 0, '2018-08-10 19:55:31', '2018-08-10 19:55:31'),
(19, 1, 88, 1, 0, '2018-08-10 19:55:31', '2018-08-10 19:55:31'),
(20, 1, 89, 2, 0, '2018-08-10 19:55:31', '2018-08-10 19:55:31'),
(21, 1, 90, 2, 0, '2018-08-10 19:55:31', '2018-08-10 19:55:31'),
(22, 1, 91, 2, 0, '2018-08-10 19:55:31', '2018-08-10 19:55:31'),
(23, 1, 92, 2, 0, '2018-08-10 19:55:31', '2018-08-10 19:55:31'),
(24, 1, 93, 2, 0, '2018-08-10 19:55:31', '2018-08-10 19:55:31'),
(25, 1, 94, 2, 0, '2018-08-10 19:55:31', '2018-08-10 19:55:31');

-- --------------------------------------------------------

--
-- Table structure for table `academic_manage_assignment`
--

CREATE TABLE `academic_manage_assignment` (
  `assignment_id` int(11) NOT NULL,
  `submission_date` datetime NOT NULL,
  `topic` text NOT NULL,
  `attachment` text NOT NULL,
  `article` text NOT NULL,
  `class_id` int(11) NOT NULL,
  `staff_id` int(11) NOT NULL,
  `subject_id` int(11) NOT NULL,
  `status` int(2) NOT NULL DEFAULT '1' COMMENT '0=enable;1=disable;',
  `session_id` int(11) NOT NULL DEFAULT '0',
  `created_at` datetime NOT NULL DEFAULT CURRENT_TIMESTAMP,
  `updated_at` datetime NOT NULL DEFAULT CURRENT_TIMESTAMP
) ENGINE=MyISAM DEFAULT CHARSET=utf8;

--
-- Dumping data for table `academic_manage_assignment`
--

INSERT INTO `academic_manage_assignment` (`assignment_id`, `submission_date`, `topic`, `attachment`, `article`, `class_id`, `staff_id`, `subject_id`, `status`, `session_id`, `created_at`, `updated_at`) VALUES
(1, '0000-00-00 00:00:00', 'urdu basic lecture', 'image/academic/assignment/attachment_urdu_basic_lecture_30.', 'xyzsdfgdh tommorow', 9, 1, 30, 1, 0, '2018-08-10 20:01:50', '2018-08-10 20:01:50');

-- --------------------------------------------------------

--
-- Table structure for table `academic_manage_homework`
--

CREATE TABLE `academic_manage_homework` (
  `homework_id` int(11) NOT NULL,
  `submission_date` datetime NOT NULL,
  `topic` text CHARACTER SET utf8 NOT NULL,
  `attachment` text CHARACTER SET utf8 NOT NULL,
  `article` text CHARACTER SET utf8 NOT NULL,
  `class_id` int(11) NOT NULL,
  `staff_id` int(11) NOT NULL,
  `subject_id` int(11) NOT NULL,
  `status` int(2) NOT NULL DEFAULT '1' COMMENT '0=enable;1=disable;',
  `session_id` int(11) NOT NULL DEFAULT '0',
  `created_at` datetime NOT NULL DEFAULT CURRENT_TIMESTAMP,
  `updated_at` datetime NOT NULL DEFAULT CURRENT_TIMESTAMP
) ENGINE=MyISAM DEFAULT CHARSET=utf8 COLLATE=utf8_unicode_ci;

--
-- Dumping data for table `academic_manage_homework`
--

INSERT INTO `academic_manage_homework` (`homework_id`, `submission_date`, `topic`, `attachment`, `article`, `class_id`, `staff_id`, `subject_id`, `status`, `session_id`, `created_at`, `updated_at`) VALUES
(1, '2018-01-01 00:00:00', 'kobita amar sonar bangla', 'image/academic/homework/attachment_kobita_amar_sonar_bangla_1.png', 'etrfrftgetwrr', 1, 2, 1, 1, 0, '2018-08-10 20:03:00', '2018-08-10 20:03:00'),
(2, '2017-12-04 00:00:00', 'hjgfhfgh', 'image/academic/homework/attachment_hjgfhfgh_1.', 'ggfhg', 1, 2, 1, 1, 0, '2018-08-10 20:03:00', '2018-08-10 20:03:00');

-- --------------------------------------------------------

--
-- Table structure for table `academic_manage_note`
--

CREATE TABLE `academic_manage_note` (
  `note_id` int(11) NOT NULL,
  `created_by` text NOT NULL,
  `reference` text NOT NULL,
  `topic` text NOT NULL,
  `article` text NOT NULL,
  `attachment` text NOT NULL,
  `class_id` int(11) NOT NULL,
  `staff_id` int(11) NOT NULL,
  `subject_id` int(11) NOT NULL,
  `status` int(2) NOT NULL DEFAULT '1' COMMENT '0=enable;1=disable;',
  `session_id` int(11) NOT NULL DEFAULT '0',
  `created_at` datetime NOT NULL DEFAULT CURRENT_TIMESTAMP,
  `updated_at` datetime NOT NULL DEFAULT CURRENT_TIMESTAMP
) ENGINE=MyISAM DEFAULT CHARSET=utf8;

--
-- Dumping data for table `academic_manage_note`
--

INSERT INTO `academic_manage_note` (`note_id`, `created_by`, `reference`, `topic`, `article`, `attachment`, `class_id`, `staff_id`, `subject_id`, `status`, `session_id`, `created_at`, `updated_at`) VALUES
(1, 'Yasir Arafat Shuvo', ' A Book of Persian', 'Persian Lifestyle', 'xyzf ad the are as good person', 'image/academic/note/attachment_Persian_Lifestyle_1.png', 1, 2, 1, 1, 0, '2018-08-10 20:04:49', '2018-08-10 20:04:49'),
(2, 'Hasan Chowdhury', 'ask arafat', 'nothi to hide', 'Translate\nprepared\n\nprepared\n \n\n8/5000\nপ্রস্তুত\nSuggest an edit\nPrastuta\nDefinitions of prepare\nverb\nmake (something) ready for use or consideration.\nprepare a brief summary of the article\nsynonyms: make/get ready, put together, draw up, produce, arrange, assemble, construct, compose, formulate\n(in conventional harmony) lead up to (a discord) by means of preparation.\nSee also\nprepare, be prepared, prepared for, being prepared, prepared food, ill-prepared, be prepared to, be prepared ', 'image/academic/note/attachment_nothi_to_hide_1.png', 1, 2, 1, 1, 0, '2018-08-10 20:04:49', '2018-08-10 20:04:49');

-- --------------------------------------------------------

--
-- Table structure for table `admin`
--

CREATE TABLE `admin` (
  `admin_id` int(11) NOT NULL,
  `name` longtext CHARACTER SET utf8 NOT NULL,
  `email` longtext COLLATE utf8_unicode_ci NOT NULL,
  `phone` varchar(20) COLLATE utf8_unicode_ci DEFAULT NULL,
  `password` longtext COLLATE utf8_unicode_ci NOT NULL,
  `level` longtext COLLATE utf8_unicode_ci NOT NULL,
  `photo` varchar(250) COLLATE utf8_unicode_ci DEFAULT NULL,
  `username` varchar(50) COLLATE utf8_unicode_ci DEFAULT NULL,
  `status` int(2) NOT NULL DEFAULT '1' COMMENT '0=enable;1=disable;',
  `session_id` int(11) NOT NULL DEFAULT '0',
  `created_at` datetime NOT NULL DEFAULT CURRENT_TIMESTAMP,
  `updated_at` datetime NOT NULL DEFAULT CURRENT_TIMESTAMP
) ENGINE=InnoDB DEFAULT CHARSET=utf8 COLLATE=utf8_unicode_ci;

--
-- Dumping data for table `admin`
--

INSERT INTO `admin` (`admin_id`, `name`, `email`, `phone`, `password`, `level`, `photo`, `username`, `status`, `session_id`, `created_at`, `updated_at`) VALUES
(1, 'নুরুল উলুম মাদ্রাসা', 'madrasah@annurcomplex.com', NULL, 'madrasah', '1', 'image/admin/photo_madrasah@annurcomplex.com.jpg', 'madrasah', 1, 0, '2018-08-10 20:07:00', '2018-08-10 20:07:00'),
(2, 'Yasir Arafat', 'yasirarafat1995@gmail.com', NULL, 'arafat', '1', 'image/admin/photo_yasirarafat1995@gmail.com.jpg', 'arafat', 1, 0, '2018-08-10 20:07:00', '2018-08-10 20:07:00'),
(3, 'Mainul Haque', 'pentamainul@yahoo.com', NULL, 'mainul', '1', 'image/admin/photo_pentamainul@yahoo.com.', 'mainul', 1, 0, '2018-08-10 20:07:00', '2018-08-10 20:07:00'),
(4, 'fgfdg2', '12342@gmail.com', '01234562', '2', '', NULL, 'admin12', 1, 0, '2018-08-11 01:37:23', '2018-08-10 09:38:34');

-- --------------------------------------------------------

--
-- Table structure for table `attendance`
--

CREATE TABLE `attendance` (
  `attendance_id` int(11) NOT NULL,
  `status` int(11) NOT NULL COMMENT '0 undefined , 1 present , 2  absent',
  `student_id` int(11) NOT NULL,
  `date` date NOT NULL,
  `class_id` int(11) DEFAULT NULL,
  `session_id` int(11) NOT NULL DEFAULT '0',
  `created_at` datetime NOT NULL DEFAULT CURRENT_TIMESTAMP,
  `updated_at` datetime NOT NULL DEFAULT CURRENT_TIMESTAMP
) ENGINE=InnoDB DEFAULT CHARSET=utf8 ROW_FORMAT=DYNAMIC;

--
-- Dumping data for table `attendance`
--

INSERT INTO `attendance` (`attendance_id`, `status`, `student_id`, `date`, `class_id`, `session_id`, `created_at`, `updated_at`) VALUES
(1, 1, 29, '2018-01-17', 14, 0, '2018-08-10 20:07:45', '2018-08-10 20:07:45'),
(2, 1, 30, '2018-01-17', 14, 0, '2018-08-10 20:07:45', '2018-08-10 20:07:45'),
(3, 1, 31, '2018-01-17', 14, 0, '2018-08-10 20:07:45', '2018-08-10 20:07:45'),
(4, 1, 109, '2018-08-15', 7, 0, '2018-08-10 20:07:45', '2018-08-10 20:07:45'),
(5, 0, 33, '2018-01-17', 14, 0, '2018-08-10 20:07:45', '2018-08-10 20:07:45'),
(6, 0, 34, '2018-01-17', 14, 0, '2018-08-10 20:07:45', '2018-08-10 20:07:45'),
(7, 0, 35, '2018-01-17', 14, 0, '2018-08-10 20:07:45', '2018-08-10 20:07:45'),
(8, 0, 36, '2018-01-17', 14, 0, '2018-08-10 20:07:45', '2018-08-10 20:07:45'),
(9, 0, 37, '2018-01-17', 14, 0, '2018-08-10 20:07:45', '2018-08-10 20:07:45'),
(10, 0, 38, '2018-01-17', 14, 0, '2018-08-10 20:07:45', '2018-08-10 20:07:45'),
(11, 0, 39, '2018-01-17', 14, 0, '2018-08-10 20:07:45', '2018-08-10 20:07:45'),
(12, 0, 40, '2018-01-17', 14, 0, '2018-08-10 20:07:45', '2018-08-10 20:07:45'),
(13, 0, 41, '2018-01-17', 14, 0, '2018-08-10 20:07:45', '2018-08-10 20:07:45'),
(14, 0, 42, '2018-01-17', 14, 0, '2018-08-10 20:07:45', '2018-08-10 20:07:45'),
(15, 1, 132, '2018-08-12', 0, 1, '2018-08-12 15:23:34', '2018-08-12 15:23:34'),
(16, 1, 133, '2018-08-12', 0, 1, '2018-08-12 15:23:35', '2018-08-12 15:23:35'),
(17, 1, 125, '2018-08-12', 0, 1, '2018-08-12 15:24:21', '2018-08-12 15:24:21'),
(18, 2, 126, '2018-08-12', 0, 1, '2018-08-12 15:24:21', '2018-08-12 15:24:21'),
(19, 1, 127, '2018-08-12', 0, 1, '2018-08-12 15:24:21', '2018-08-12 15:24:21'),
(20, 2, 128, '2018-08-12', 0, 1, '2018-08-12 15:24:21', '2018-08-12 15:24:21'),
(21, 1, 129, '2018-08-12', 0, 1, '2018-08-12 15:24:21', '2018-08-12 15:24:21'),
(22, 2, 130, '2018-08-12', 0, 1, '2018-08-12 15:24:21', '2018-08-12 15:24:21'),
(23, 1, 131, '2018-08-12', 0, 1, '2018-08-12 15:24:21', '2018-08-12 15:24:21'),
(24, 1, 132, '2018-09-02', 0, 1, '2018-09-03 01:38:46', '2018-09-03 01:38:46'),
(25, 1, 133, '2018-09-02', 0, 1, '2018-09-03 01:38:46', '2018-09-03 01:38:46'),
(26, 1, 132, '2018-09-02', 0, 1, '2018-09-03 01:42:17', '2018-09-03 01:42:17'),
(27, 1, 133, '2018-09-02', 0, 1, '2018-09-03 01:42:17', '2018-09-03 01:42:17');

-- --------------------------------------------------------

--
-- Table structure for table `book`
--

CREATE TABLE `book` (
  `book_id` int(11) NOT NULL,
  `name` longtext COLLATE utf8_unicode_ci NOT NULL,
  `description` longtext COLLATE utf8_unicode_ci NOT NULL,
  `author` longtext COLLATE utf8_unicode_ci NOT NULL,
  `class_id` longtext COLLATE utf8_unicode_ci NOT NULL,
  `status` longtext COLLATE utf8_unicode_ci NOT NULL,
  `price` longtext COLLATE utf8_unicode_ci NOT NULL,
  `quantity` int(11) DEFAULT NULL,
  `session_id` int(11) NOT NULL DEFAULT '0',
  `created_at` datetime NOT NULL DEFAULT CURRENT_TIMESTAMP,
  `updated_at` datetime NOT NULL DEFAULT CURRENT_TIMESTAMP
) ENGINE=InnoDB DEFAULT CHARSET=utf8 COLLATE=utf8_unicode_ci;

-- --------------------------------------------------------

--
-- Table structure for table `book_manage`
--

CREATE TABLE `book_manage` (
  `book_manage_id` int(11) NOT NULL,
  `book_id` int(11) DEFAULT NULL,
  `student_id` int(11) DEFAULT NULL,
  `giving_date` datetime NOT NULL,
  `returning_date` datetime NOT NULL,
  `returned_date` datetime NOT NULL,
  `returning_status` int(11) NOT NULL,
  `status` int(2) NOT NULL DEFAULT '1' COMMENT '0=enable;1=disable;',
  `session_id` int(11) NOT NULL DEFAULT '0',
  `created_at` datetime NOT NULL DEFAULT CURRENT_TIMESTAMP,
  `updated_at` datetime NOT NULL DEFAULT CURRENT_TIMESTAMP
) ENGINE=InnoDB DEFAULT CHARSET=utf8 ROW_FORMAT=DYNAMIC;

-- --------------------------------------------------------

--
-- Table structure for table `class`
--

CREATE TABLE `class` (
  `class_id` int(11) NOT NULL,
  `name` longtext COLLATE utf8_unicode_ci NOT NULL,
  `symbol` longtext COLLATE utf8_unicode_ci NOT NULL,
  `teacher_id` int(11) NOT NULL,
  `status` int(2) NOT NULL DEFAULT '1' COMMENT '0=enable;1=disable;',
  `session_id` int(11) NOT NULL DEFAULT '0',
  `created_at` datetime NOT NULL DEFAULT CURRENT_TIMESTAMP,
  `updated_at` datetime NOT NULL DEFAULT CURRENT_TIMESTAMP
) ENGINE=InnoDB DEFAULT CHARSET=utf8 COLLATE=utf8_unicode_ci;

--
-- Dumping data for table `class`
--

INSERT INTO `class` (`class_id`, `name`, `symbol`, `teacher_id`, `status`, `session_id`, `created_at`, `updated_at`) VALUES
(1, 'উচ্চতর ইসলামী আঈন অনুষদ', 'ইফতা', 4, 1, 0, '2018-08-10 20:13:02', '2018-08-10 20:13:02'),
(2, 'দাওরায়ে হাদীস', '১৫শ', 1, 1, 0, '2018-08-10 20:13:02', '2018-08-10 20:13:02'),
(3, 'মেশকাত', '১৪শ', 2, 1, 0, '2018-08-10 20:13:02', '2018-08-10 20:13:02'),
(4, 'জালালাইন', '১৩শ', 3, 1, 0, '2018-08-10 20:13:02', '2018-08-10 20:13:02'),
(5, 'শরহে বেকায়া', '১১শ ও ১২শ', 5, 1, 0, '2018-08-10 20:13:02', '2018-08-10 20:13:02'),
(6, 'কাফিয়া ও শরহে জামী', '৯ম ও ১০ম', 6, 1, 0, '2018-08-10 20:13:02', '2018-08-10 20:13:02'),
(7, 'হেদায়াতুন নাহু', '৮ম', 7, 1, 0, '2018-08-10 20:13:02', '2018-08-10 20:13:02'),
(8, 'নাহবেমীর', '৭ম', 8, 1, 0, '2018-08-10 20:13:02', '2018-08-10 20:13:02'),
(9, 'মিযান', '৬ষ্ঠ', 10, 1, 0, '2018-08-10 20:13:02', '2018-08-10 20:13:02'),
(10, 'ফারসী/তাইসীর', '৫ম', 11, 1, 0, '2018-08-10 20:13:02', '2018-08-10 20:13:02'),
(11, 'উর্দূ ', '৪র্থ', 9, 1, 0, '2018-08-10 20:13:02', '2018-08-10 20:13:02'),
(12, 'নাযেরা', '#', 5, 1, 0, '2018-08-10 20:13:02', '2018-08-10 20:13:02'),
(13, 'নাযেরা-২', '৩য়', 24, 1, 0, '2018-08-10 20:13:02', '2018-08-10 20:13:02'),
(14, 'নাযেরা-১', '২য়', 25, 1, 0, '2018-08-10 20:13:02', '2018-08-10 20:13:02'),
(15, 'নূরানী', '১ম', 26, 1, 0, '2018-08-10 20:13:02', '2018-08-10 20:13:02'),
(16, 'শিশু', '০', 27, 1, 0, '2018-08-10 20:13:02', '2018-08-10 20:13:02'),
(17, 'তাহফীযুল কুরআন - ক', 'হিফয ক', 20, 1, 0, '2018-08-10 20:13:02', '2018-08-10 20:13:02'),
(18, 'তাহফীযুল কুরআন - খ', 'হিফয খ', 21, 1, 0, '2018-08-10 20:13:02', '2018-08-10 20:13:02'),
(19, 'তাহফীযুল কুরআন - গ', 'হিফয গ', 22, 1, 0, '2018-08-10 20:13:02', '2018-08-10 20:13:02'),
(20, 'তাহফীযুল কুরআন - ঘ', 'হিফয ঘ', 23, 1, 0, '2018-08-10 20:13:02', '2018-08-10 20:13:02'),
(21, 'Test2', 'Test', 6, 1, 1, '2018-08-12 00:10:05', '2018-08-11 08:13:46'),
(22, 'wgh', 'w', 1, 1, 1, '2018-09-03 01:09:46', '2018-09-02 09:13:47'),
(23, 'mainul', 'dd', 0, 1, 1, '2018-09-03 01:14:52', '2018-09-03 01:14:52');

-- --------------------------------------------------------

--
-- Table structure for table `class_routine`
--

CREATE TABLE `class_routine` (
  `class_routine_id` int(11) NOT NULL,
  `class_id` int(11) NOT NULL,
  `subject_id` int(11) NOT NULL,
  `time_start` time NOT NULL,
  `time_end` time NOT NULL,
  `day` varchar(255) COLLATE utf8_unicode_ci NOT NULL,
  `active` int(2) NOT NULL DEFAULT '1' COMMENT '0=enable;1=disable;',
  `session_id` int(11) NOT NULL DEFAULT '0',
  `created_at` datetime NOT NULL DEFAULT CURRENT_TIMESTAMP,
  `updated_at` datetime NOT NULL DEFAULT CURRENT_TIMESTAMP
) ENGINE=InnoDB DEFAULT CHARSET=utf8 COLLATE=utf8_unicode_ci;

-- --------------------------------------------------------

--
-- Table structure for table `content`
--

CREATE TABLE `content` (
  `content_id` int(11) NOT NULL,
  `page_type` varchar(100) COLLATE latin1_general_ci NOT NULL,
  `titel` text COLLATE latin1_general_ci NOT NULL,
  `description` text COLLATE latin1_general_ci NOT NULL,
  `status` int(4) NOT NULL,
  `created_at` datetime NOT NULL DEFAULT CURRENT_TIMESTAMP,
  `updated_at` datetime NOT NULL DEFAULT CURRENT_TIMESTAMP
) ENGINE=InnoDB DEFAULT CHARSET=latin1 COLLATE=latin1_general_ci;

-- --------------------------------------------------------

--
-- Table structure for table `document`
--

CREATE TABLE `document` (
  `document_id` int(11) NOT NULL,
  `title` longtext COLLATE utf8_unicode_ci NOT NULL,
  `description` longtext COLLATE utf8_unicode_ci NOT NULL,
  `file_name` longtext COLLATE utf8_unicode_ci NOT NULL,
  `file_type` longtext COLLATE utf8_unicode_ci NOT NULL,
  `class_id` int(11) NOT NULL DEFAULT '0',
  `teacher_id` int(11) NOT NULL,
  `session_id` int(11) NOT NULL DEFAULT '0',
  `created_at` datetime NOT NULL DEFAULT CURRENT_TIMESTAMP,
  `updated_at` datetime NOT NULL DEFAULT CURRENT_TIMESTAMP
) ENGINE=MyISAM DEFAULT CHARSET=utf8 COLLATE=utf8_unicode_ci;

-- --------------------------------------------------------

--
-- Table structure for table `dormitory`
--

CREATE TABLE `dormitory` (
  `dormitory_id` int(11) NOT NULL,
  `name` longtext COLLATE utf8_unicode_ci NOT NULL,
  `number_of_room` longtext COLLATE utf8_unicode_ci NOT NULL,
  `description` longtext COLLATE utf8_unicode_ci NOT NULL,
  `status` int(2) NOT NULL DEFAULT '1' COMMENT '0=enable;1=disable;',
  `session_id` int(11) NOT NULL DEFAULT '0',
  `created_at` datetime NOT NULL DEFAULT CURRENT_TIMESTAMP,
  `updated_at` datetime NOT NULL DEFAULT CURRENT_TIMESTAMP
) ENGINE=MyISAM DEFAULT CHARSET=utf8 COLLATE=utf8_unicode_ci;

-- --------------------------------------------------------

--
-- Table structure for table `equipment_supplies`
--

CREATE TABLE `equipment_supplies` (
  `equipment_id` int(11) NOT NULL,
  `name` text COLLATE utf8_unicode_ci NOT NULL,
  `short_description` text COLLATE utf8_unicode_ci NOT NULL,
  `description` text COLLATE utf8_unicode_ci NOT NULL,
  `quantity` int(11) NOT NULL,
  `type` int(2) NOT NULL COMMENT '1=goods; 2=services',
  `model` varchar(200) COLLATE utf8_unicode_ci NOT NULL,
  `price` int(11) NOT NULL,
  `photo` text COLLATE utf8_unicode_ci NOT NULL,
  `slug` text COLLATE utf8_unicode_ci NOT NULL,
  `status` int(2) NOT NULL DEFAULT '1' COMMENT '1=active; 0= deactiive',
  `session_id` int(11) NOT NULL DEFAULT '0',
  `created_at` datetime NOT NULL DEFAULT CURRENT_TIMESTAMP,
  `updated_at` datetime NOT NULL DEFAULT CURRENT_TIMESTAMP
) ENGINE=MyISAM DEFAULT CHARSET=utf8 COLLATE=utf8_unicode_ci;

--
-- Dumping data for table `equipment_supplies`
--

INSERT INTO `equipment_supplies` (`equipment_id`, `name`, `short_description`, `description`, `quantity`, `type`, `model`, `price`, `photo`, `slug`, `status`, `session_id`, `created_at`, `updated_at`) VALUES
(1, 'Paharpur Boddho Bihar', 'adsfsfg', 'dgsdg', 34, 1, 'dfsdg', 6, 'image/equipment_Paharpur_Boddho_Bihardfsdg.', 'Paharpur_Boddho_Bihar', 1, 0, '2018-08-10 20:26:25', '2018-08-10 20:26:25');

-- --------------------------------------------------------

--
-- Table structure for table `exam`
--

CREATE TABLE `exam` (
  `exam_id` int(11) NOT NULL,
  `class_id` int(11) NOT NULL,
  `title` text,
  `description` text,
  `status` int(2) NOT NULL DEFAULT '1' COMMENT '0=enable;1=disable;',
  `session_id` int(11) NOT NULL DEFAULT '0',
  `created_at` datetime NOT NULL DEFAULT CURRENT_TIMESTAMP,
  `updated_at` datetime NOT NULL DEFAULT CURRENT_TIMESTAMP
) ENGINE=MyISAM DEFAULT CHARSET=utf8;

--
-- Dumping data for table `exam`
--

INSERT INTO `exam` (`exam_id`, `class_id`, `title`, `description`, `status`, `session_id`, `created_at`, `updated_at`) VALUES
(1, 14, NULL, NULL, 0, 0, '2018-08-10 20:27:45', '2018-08-10 20:27:45'),
(2, 15, NULL, NULL, 0, 0, '2018-08-10 20:27:45', '2018-08-10 20:27:45'),
(3, 1, NULL, NULL, 0, 0, '2018-08-10 20:27:45', '2018-08-10 20:27:45'),
(4, 1, NULL, NULL, 0, 0, '2018-08-10 20:27:45', '2018-08-10 20:27:45'),
(5, 2, NULL, NULL, 0, 0, '2018-08-10 20:27:45', '2018-08-10 20:27:45'),
(6, 15, NULL, NULL, 0, 0, '2018-08-10 20:27:45', '2018-08-10 20:27:45'),
(7, 15, NULL, NULL, 0, 0, '2018-08-10 20:27:45', '2018-08-10 20:27:45'),
(8, 15, NULL, NULL, 0, 0, '2018-08-10 20:27:45', '2018-08-10 20:27:45'),
(9, 15, NULL, NULL, 0, 0, '2018-08-10 20:27:45', '2018-08-10 20:27:45'),
(10, 15, NULL, NULL, 0, 0, '2018-08-10 20:27:45', '2018-08-10 20:27:45'),
(11, 15, NULL, NULL, 0, 0, '2018-08-10 20:27:45', '2018-08-10 20:27:45'),
(12, 15, NULL, NULL, 1, 0, '2018-08-10 20:27:45', '2018-08-10 20:27:45'),
(13, 14, NULL, NULL, 1, 0, '2018-08-10 20:27:45', '2018-08-10 20:27:45'),
(14, 13, NULL, NULL, 1, 0, '2018-08-10 20:27:45', '2018-08-10 20:27:45'),
(15, 12, NULL, NULL, 1, 0, '2018-08-10 20:27:45', '2018-08-10 20:27:45'),
(16, 11, NULL, NULL, 1, 0, '2018-08-10 20:27:45', '2018-08-10 20:27:45'),
(17, 10, NULL, NULL, 1, 0, '2018-08-10 20:27:45', '2018-08-10 20:27:45'),
(18, 9, NULL, NULL, 1, 0, '2018-08-10 20:27:45', '2018-08-10 20:27:45'),
(19, 8, NULL, NULL, 1, 0, '2018-08-10 20:27:45', '2018-08-10 20:27:45'),
(20, 7, NULL, NULL, 1, 0, '2018-08-10 20:27:45', '2018-08-10 20:27:45'),
(21, 6, NULL, NULL, 1, 0, '2018-08-10 20:27:45', '2018-08-10 20:27:45'),
(22, 5, NULL, NULL, 1, 0, '2018-08-10 20:27:45', '2018-08-10 20:27:45'),
(23, 4, NULL, NULL, 1, 0, '2018-08-10 20:27:45', '2018-08-10 20:27:45'),
(24, 4, '', '', 1, 1, '2018-08-12 17:33:41', '2018-08-12 17:33:41'),
(25, 4, '', '', 1, 1, '2018-08-12 17:34:12', '2018-08-12 17:34:12'),
(26, 13, 'dsfsfsf', 'sfsdfs', 1, 1, '2018-08-12 17:36:39', '2018-08-12 17:36:39'),
(27, 9, 'Testing2', 'sfsg', 1, 1, '2018-08-12 17:39:44', '2018-08-12 17:39:44'),
(28, 9, 'Testing2', 'sfsg', 1, 1, '2018-08-12 17:40:43', '2018-08-12 17:40:43'),
(29, 3, 'Testing14', 'sfsdf', 1, 1, '2018-08-12 19:06:38', '2018-08-12 19:06:38'),
(30, 3, 'Testing14', 'sfsdf', 1, 1, '2018-08-12 19:07:14', '2018-08-12 19:07:14');

-- --------------------------------------------------------

--
-- Table structure for table `exam_details`
--

CREATE TABLE `exam_details` (
  `exam_details_id` int(11) NOT NULL,
  `exam_id` int(11) NOT NULL,
  `subject_id` int(11) NOT NULL,
  `exam_date` datetime NOT NULL,
  `exam_duration` varchar(255) CHARACTER SET utf8 COLLATE utf8_unicode_ci NOT NULL,
  `total_marks` int(11) NOT NULL,
  `pass_marks` int(11) NOT NULL,
  `upload_exam_paper` longtext CHARACTER SET latin1 NOT NULL,
  `status` int(2) NOT NULL DEFAULT '1' COMMENT '0=enable;1=disable;',
  `session_id` int(11) NOT NULL DEFAULT '0',
  `created_at` datetime NOT NULL DEFAULT CURRENT_TIMESTAMP,
  `updated_at` datetime NOT NULL DEFAULT CURRENT_TIMESTAMP
) ENGINE=MyISAM DEFAULT CHARSET=utf8;

--
-- Dumping data for table `exam_details`
--

INSERT INTO `exam_details` (`exam_details_id`, `exam_id`, `subject_id`, `exam_date`, `exam_duration`, `total_marks`, `pass_marks`, `upload_exam_paper`, `status`, `session_id`, `created_at`, `updated_at`) VALUES
(1, 1, 2, '0000-00-00 00:00:00', '30', 30, 10, '', 1, 0, '2018-08-10 20:28:30', '2018-08-10 20:28:30'),
(2, 1, 3, '0000-00-00 00:00:00', '30', 30, 10, '', 1, 0, '2018-08-10 20:28:30', '2018-08-10 20:28:30'),
(3, 1, 6, '0000-00-00 00:00:00', '30', 30, 10, '', 1, 0, '2018-08-10 20:28:30', '2018-08-10 20:28:30'),
(4, 6, 1, '2017-10-21 00:00:00', '? ?????', 100, 34, '', 1, 0, '2018-08-10 20:28:30', '2018-08-10 20:28:30'),
(5, 6, 2, '2017-10-22 00:00:00', '? ?????', 50, 17, '', 1, 0, '2018-08-10 20:28:30', '2018-08-10 20:28:30'),
(6, 6, 3, '2017-10-21 00:00:00', '? ?????', 50, 17, '', 1, 0, '2018-08-10 20:28:30', '2018-08-10 20:28:30'),
(7, 6, 4, '2017-10-22 00:00:00', '? ?????', 50, 17, '', 1, 0, '2018-08-10 20:28:30', '2018-08-10 20:28:30'),
(8, 6, 6, '2017-10-24 00:00:00', '? ?????', 100, 34, '', 1, 0, '2018-08-10 20:28:30', '2018-08-10 20:28:30'),
(9, 6, 7, '2017-10-26 00:00:00', '? ?????', 100, 34, '', 1, 0, '2018-08-10 20:28:30', '2018-08-10 20:28:30'),
(10, 6, 9, '2017-10-25 00:00:00', '? ?????', 100, 34, '', 1, 0, '2018-08-10 20:28:30', '2018-08-10 20:28:30'),
(11, 6, 10, '2017-10-23 00:00:00', '???? ?????', 50, 17, '', 1, 0, '2018-08-10 20:28:30', '2018-08-10 20:28:30'),
(12, 6, 11, '2017-10-23 00:00:00', '???? ?????', 50, 17, '', 1, 0, '2018-08-10 20:28:30', '2018-08-10 20:28:30'),
(13, 7, 1, '2018-04-16 00:00:00', '5:20', 45, 15, '', 1, 0, '2018-08-10 20:28:30', '2018-08-10 20:28:30'),
(14, 7, 2, '0000-00-00 00:00:00', '', 0, 0, '', 1, 0, '2018-08-10 20:28:30', '2018-08-10 20:28:30'),
(15, 7, 3, '0000-00-00 00:00:00', '', 0, 0, '', 1, 0, '2018-08-10 20:28:30', '2018-08-10 20:28:30'),
(16, 7, 4, '0000-00-00 00:00:00', '', 0, 0, '', 1, 0, '2018-08-10 20:28:30', '2018-08-10 20:28:30'),
(17, 7, 6, '0000-00-00 00:00:00', '', 0, 0, '', 1, 0, '2018-08-10 20:28:30', '2018-08-10 20:28:30'),
(18, 7, 7, '0000-00-00 00:00:00', '', 0, 0, '', 1, 0, '2018-08-10 20:28:30', '2018-08-10 20:28:30'),
(19, 7, 9, '0000-00-00 00:00:00', '', 0, 0, '', 1, 0, '2018-08-10 20:28:30', '2018-08-10 20:28:30'),
(20, 7, 10, '0000-00-00 00:00:00', '', 0, 0, '', 1, 0, '2018-08-10 20:28:30', '2018-08-10 20:28:30'),
(21, 7, 11, '0000-00-00 00:00:00', '', 0, 0, '', 1, 0, '2018-08-10 20:28:30', '2018-08-10 20:28:30'),
(22, 8, 1, '2017-10-21 00:00:00', '? ?????', 100, 34, '', 1, 0, '2018-08-10 20:28:30', '2018-08-10 20:28:30'),
(23, 8, 2, '2017-10-22 00:00:00', '? ?????', 50, 17, '', 1, 0, '2018-08-10 20:28:30', '2018-08-10 20:28:30'),
(24, 8, 3, '2017-10-21 00:00:00', '? ?????', 50, 17, '', 1, 0, '2018-08-10 20:28:30', '2018-08-10 20:28:30'),
(25, 8, 4, '2017-10-22 00:00:00', '? ?????', 50, 17, '', 1, 0, '2018-08-10 20:28:30', '2018-08-10 20:28:30'),
(26, 8, 6, '2017-10-24 00:00:00', '? ?????', 100, 34, '', 1, 0, '2018-08-10 20:28:30', '2018-08-10 20:28:30'),
(27, 8, 7, '2017-10-26 00:00:00', '? ?????', 100, 34, '', 1, 0, '2018-08-10 20:28:30', '2018-08-10 20:28:30'),
(28, 8, 9, '2017-10-25 00:00:00', '? ?????', 100, 34, '', 1, 0, '2018-08-10 20:28:30', '2018-08-10 20:28:30'),
(29, 8, 10, '2017-10-23 00:00:00', '???? ?????', 50, 17, '', 1, 0, '2018-08-10 20:28:30', '2018-08-10 20:28:30'),
(30, 8, 11, '2017-10-23 00:00:00', '???? ?????', 50, 17, '', 1, 0, '2018-08-10 20:28:30', '2018-08-10 20:28:30'),
(31, 9, 1, '2017-10-21 00:00:00', '? ?????', 100, 34, '', 1, 0, '2018-08-10 20:28:30', '2018-08-10 20:28:30'),
(32, 9, 2, '2017-10-22 00:00:00', '? ?????', 100, 34, '', 1, 0, '2018-08-10 20:28:30', '2018-08-10 20:28:30'),
(33, 9, 3, '2017-10-21 00:00:00', '? ?????', 50, 17, '', 1, 0, '2018-08-10 20:28:30', '2018-08-10 20:28:30'),
(34, 9, 4, '2017-10-22 00:00:00', '? ?????', 50, 17, '', 1, 0, '2018-08-10 20:28:30', '2018-08-10 20:28:30'),
(35, 9, 6, '2017-10-24 00:00:00', '? ?????', 100, 34, '', 1, 0, '2018-08-10 20:28:30', '2018-08-10 20:28:30'),
(36, 9, 7, '2017-10-26 00:00:00', '? ?????', 100, 34, '', 1, 0, '2018-08-10 20:28:30', '2018-08-10 20:28:30'),
(37, 9, 9, '2017-10-25 00:00:00', '? ?????', 100, 34, '', 1, 0, '2018-08-10 20:28:30', '2018-08-10 20:28:30'),
(38, 9, 10, '2017-10-23 00:00:00', '???? ?????', 50, 17, '', 1, 0, '2018-08-10 20:28:30', '2018-08-10 20:28:30'),
(39, 9, 11, '2017-10-23 00:00:00', '???? ?????', 50, 17, '', 1, 0, '2018-08-10 20:28:30', '2018-08-10 20:28:30'),
(40, 10, 1, '0000-00-00 00:00:00', '৩ ঘন্টা', 0, 0, '', 1, 0, '2018-08-10 20:28:30', '2018-08-10 20:28:30'),
(41, 10, 2, '0000-00-00 00:00:00', '', 0, 0, '', 1, 0, '2018-08-10 20:28:30', '2018-08-10 20:28:30'),
(42, 10, 3, '0000-00-00 00:00:00', '', 0, 0, '', 1, 0, '2018-08-10 20:28:30', '2018-08-10 20:28:30'),
(43, 10, 4, '0000-00-00 00:00:00', '', 0, 0, '', 1, 0, '2018-08-10 20:28:30', '2018-08-10 20:28:30'),
(44, 10, 6, '0000-00-00 00:00:00', '', 0, 0, '', 1, 0, '2018-08-10 20:28:30', '2018-08-10 20:28:30'),
(45, 10, 7, '0000-00-00 00:00:00', '', 0, 0, '', 1, 0, '2018-08-10 20:28:30', '2018-08-10 20:28:30'),
(46, 10, 9, '0000-00-00 00:00:00', '', 0, 0, '', 1, 0, '2018-08-10 20:28:30', '2018-08-10 20:28:30'),
(47, 10, 10, '0000-00-00 00:00:00', '', 0, 0, '', 1, 0, '2018-08-10 20:28:30', '2018-08-10 20:28:30'),
(48, 10, 11, '0000-00-00 00:00:00', '', 0, 0, '', 1, 0, '2018-08-10 20:28:30', '2018-08-10 20:28:30'),
(49, 11, 1, '2017-10-21 00:00:00', '৩ ঘন্টা', 100, 34, '', 1, 0, '2018-08-10 20:28:30', '2018-08-10 20:28:30'),
(50, 11, 2, '2017-10-22 00:00:00', '৩ ঘন্টা', 50, 17, '', 1, 0, '2018-08-10 20:28:30', '2018-08-10 20:28:30'),
(51, 11, 3, '2017-10-21 00:00:00', '২ ঘন্টা', 50, 17, '', 1, 0, '2018-08-10 20:28:30', '2018-08-10 20:28:30'),
(52, 11, 4, '2017-10-22 00:00:00', '২ ঘন্টা', 50, 17, '', 1, 0, '2018-08-10 20:28:30', '2018-08-10 20:28:30'),
(53, 11, 6, '2017-10-24 00:00:00', '৩ ঘন্টা', 100, 34, '', 1, 0, '2018-08-10 20:28:30', '2018-08-10 20:28:30'),
(54, 11, 7, '2017-10-26 00:00:00', '৩ ঘন্টা', 100, 34, '', 1, 0, '2018-08-10 20:28:30', '2018-08-10 20:28:30'),
(55, 11, 9, '2017-10-25 00:00:00', '৩ ঘন্টা', 100, 34, '', 1, 0, '2018-08-10 20:28:30', '2018-08-10 20:28:30'),
(56, 11, 10, '2017-10-23 00:00:00', '১ঃ৩০ মিনিট', 50, 17, '', 1, 0, '2018-08-10 20:28:30', '2018-08-10 20:28:30'),
(57, 11, 11, '2017-10-23 00:00:00', '১ঃ৩০ মিনিট', 50, 17, '', 1, 0, '2018-08-10 20:28:30', '2018-08-10 20:28:30'),
(58, 12, 1, '2017-10-21 00:00:00', '৩ ঘন্টা', 100, 34, '', 1, 0, '2018-08-10 20:28:30', '2018-08-10 20:28:30'),
(59, 12, 2, '2017-10-22 00:00:00', '৩ ঘন্টা', 50, 17, '', 1, 0, '2018-08-10 20:28:30', '2018-08-10 20:28:30'),
(60, 12, 3, '2017-10-21 00:00:00', '২ ঘন্টা', 50, 17, '', 1, 0, '2018-08-10 20:28:30', '2018-08-10 20:28:30'),
(61, 12, 4, '2017-10-22 00:00:00', '২ ঘন্টা', 50, 17, '', 1, 0, '2018-08-10 20:28:30', '2018-08-10 20:28:30'),
(62, 12, 6, '2017-10-24 00:00:00', '৩ ঘন্টা', 100, 34, '', 1, 0, '2018-08-10 20:28:30', '2018-08-10 20:28:30'),
(63, 12, 7, '2017-10-26 00:00:00', '৩ ঘন্টা', 100, 34, '', 1, 0, '2018-08-10 20:28:30', '2018-08-10 20:28:30'),
(64, 12, 9, '2017-10-25 00:00:00', '৩ ঘন্টা', 100, 34, '', 1, 0, '2018-08-10 20:28:30', '2018-08-10 20:28:30'),
(65, 12, 10, '2017-10-23 00:00:00', '১ঃ৩০ মিনিট', 50, 17, '', 1, 0, '2018-08-10 20:28:30', '2018-08-10 20:28:30'),
(66, 12, 11, '2017-10-23 00:00:00', '১ঃ৩০ মিনিট', 50, 17, '', 1, 0, '2018-08-10 20:28:30', '2018-08-10 20:28:30'),
(67, 13, 12, '2017-10-21 00:00:00', '৩ ঘন্টা', 100, 34, '', 1, 0, '2018-08-10 20:28:30', '2018-08-10 20:28:30'),
(68, 13, 13, '2017-10-22 00:00:00', '৩ ঘন্টা', 50, 17, '', 1, 0, '2018-08-10 20:28:30', '2018-08-10 20:28:30'),
(69, 13, 14, '2017-10-21 00:00:00', '৩ ঘন্টা', 50, 17, '', 1, 0, '2018-08-10 20:28:30', '2018-08-10 20:28:30'),
(70, 13, 15, '2017-10-22 00:00:00', '৩ ঘন্টা', 50, 17, '', 1, 0, '2018-08-10 20:28:30', '2018-08-10 20:28:30'),
(71, 13, 16, '2017-10-24 00:00:00', '৩ ঘন্টা', 100, 34, '', 1, 0, '2018-08-10 20:28:30', '2018-08-10 20:28:30'),
(72, 13, 17, '2017-10-26 00:00:00', '৩ ঘন্টা', 100, 34, '', 1, 0, '2018-08-10 20:28:30', '2018-08-10 20:28:30'),
(73, 13, 18, '2017-10-25 00:00:00', '৩ ঘন্টা', 100, 34, '', 1, 0, '2018-08-10 20:28:30', '2018-08-10 20:28:30'),
(74, 13, 19, '2017-10-23 00:00:00', '১ঃ৩০ মিনিট', 50, 17, '', 1, 0, '2018-08-10 20:28:30', '2018-08-10 20:28:30'),
(75, 13, 20, '2017-10-23 00:00:00', '১ঃ৩০ মিনিট', 50, 17, '', 1, 0, '2018-08-10 20:28:30', '2018-08-10 20:28:30'),
(76, 14, 22, '2017-10-21 00:00:00', '৩ ঘন্টা', 100, 34, '', 1, 0, '2018-08-10 20:28:30', '2018-08-10 20:28:30'),
(77, 14, 23, '2017-10-22 00:00:00', '৩ ঘন্টা', 50, 17, '', 1, 0, '2018-08-10 20:28:30', '2018-08-10 20:28:30'),
(78, 14, 24, '2017-10-21 00:00:00', '৩ ঘন্টা', 50, 17, '', 1, 0, '2018-08-10 20:28:30', '2018-08-10 20:28:30'),
(79, 14, 25, '2017-10-22 00:00:00', '৩ ঘন্টা', 50, 17, '', 1, 0, '2018-08-10 20:28:30', '2018-08-10 20:28:30'),
(80, 14, 27, '2017-10-24 00:00:00', '১ঃ৩০ মিনিট', 100, 34, '', 1, 0, '2018-08-10 20:28:30', '2018-08-10 20:28:30'),
(81, 14, 28, '2017-10-24 00:00:00', '১ঃ৩০ মিনিট', 50, 17, '', 1, 0, '2018-08-10 20:28:30', '2018-08-10 20:28:30'),
(82, 14, 29, '2017-10-26 00:00:00', '৩ ঘন্টা', 100, 34, '', 1, 0, '2018-08-10 20:28:30', '2018-08-10 20:28:30'),
(83, 14, 30, '2017-10-25 00:00:00', '৩ ঘন্টা', 100, 34, '', 1, 0, '2018-08-10 20:28:30', '2018-08-10 20:28:30'),
(84, 14, 31, '2017-10-23 00:00:00', '১ঃ৩০ মিনিট', 50, 17, '', 1, 0, '2018-08-10 20:28:30', '2018-08-10 20:28:30'),
(85, 14, 32, '2017-10-23 00:00:00', '১ঃ৩০ মিনিট', 50, 17, '', 1, 0, '2018-08-10 20:28:30', '2018-08-10 20:28:30'),
(86, 15, 33, '2017-10-21 00:00:00', '৩ ঘন্টা', 100, 34, '', 1, 0, '2018-08-10 20:28:30', '2018-08-10 20:28:30'),
(87, 15, 34, '2017-10-21 00:00:00', '২ ঘন্টা', 50, 17, '', 1, 0, '2018-08-10 20:28:30', '2018-08-10 20:28:30'),
(88, 15, 35, '2017-10-22 00:00:00', '২ ঘন্টা', 50, 17, '', 1, 0, '2018-08-10 20:28:30', '2018-08-10 20:28:30'),
(89, 16, 36, '2017-10-25 00:00:00', '৩ ঘন্টা', 100, 34, '', 1, 0, '2018-08-10 20:28:30', '2018-08-10 20:28:30'),
(90, 16, 37, '2017-10-24 00:00:00', '৩ ঘন্টা', 100, 34, '', 1, 0, '2018-08-10 20:28:30', '2018-08-10 20:28:30'),
(91, 16, 38, '2017-10-19 00:00:00', '৩ ঘন্টা', 100, 34, '', 1, 0, '2018-08-10 20:28:30', '2018-08-10 20:28:30'),
(92, 16, 39, '2017-10-21 00:00:00', '৩ ঘন্টা', 100, 34, '', 1, 0, '2018-08-10 20:28:30', '2018-08-10 20:28:30'),
(93, 16, 40, '2017-10-20 00:00:00', '৩ ঘন্টা', 100, 34, '', 1, 0, '2018-08-10 20:28:30', '2018-08-10 20:28:30'),
(94, 16, 41, '2017-10-23 00:00:00', '৩ ঘন্টা', 100, 34, '', 1, 0, '2018-08-10 20:28:30', '2018-08-10 20:28:30'),
(95, 16, 42, '2017-10-22 00:00:00', '৩ ঘন্টা', 100, 34, '', 1, 0, '2018-08-10 20:28:30', '2018-08-10 20:28:30'),
(96, 16, 43, '2017-10-26 00:00:00', '৩ ঘন্টা', 100, 34, '', 1, 0, '2018-08-10 20:28:30', '2018-08-10 20:28:30'),
(97, 17, 44, '2017-10-25 00:00:00', '৩ ঘন্টা', 100, 34, '', 1, 0, '2018-08-10 20:28:30', '2018-08-10 20:28:30'),
(98, 17, 45, '2017-10-21 00:00:00', '৩ ঘন্টা', 100, 34, '', 1, 0, '2018-08-10 20:28:30', '2018-08-10 20:28:30'),
(99, 17, 46, '2017-10-19 00:00:00', '৩ ঘন্টা', 100, 34, '', 1, 0, '2018-08-10 20:28:30', '2018-08-10 20:28:30'),
(100, 17, 47, '2017-10-26 00:00:00', '৩ ঘন্টা', 100, 34, '', 1, 0, '2018-08-10 20:28:30', '2018-08-10 20:28:30'),
(101, 17, 48, '2017-10-20 00:00:00', '৩ ঘন্টা', 100, 34, '', 1, 0, '2018-08-10 20:28:30', '2018-08-10 20:28:30'),
(102, 17, 49, '2017-10-24 00:00:00', '৩ ঘন্টা', 100, 34, '', 1, 0, '2018-08-10 20:28:30', '2018-08-10 20:28:30'),
(103, 17, 50, '2017-10-22 00:00:00', '৩ ঘন্টা', 100, 34, '', 1, 0, '2018-08-10 20:28:30', '2018-08-10 20:28:30'),
(104, 17, 51, '2017-10-23 00:00:00', '৩ ঘন্টা', 100, 34, '', 1, 0, '2018-08-10 20:28:30', '2018-08-10 20:28:30'),
(105, 18, 52, '2017-10-19 00:00:00', '৩ ঘন্টা', 100, 34, '', 1, 0, '2018-08-10 20:28:30', '2018-08-10 20:28:30'),
(106, 18, 53, '2017-10-26 00:00:00', '৩ ঘন্টা', 100, 34, '', 1, 0, '2018-08-10 20:28:30', '2018-08-10 20:28:30'),
(107, 18, 54, '2017-10-21 00:00:00', '৩ ঘন্টা', 100, 34, '', 1, 0, '2018-08-10 20:28:30', '2018-08-10 20:28:30'),
(108, 18, 55, '2017-10-23 00:00:00', '৩ ঘন্টা', 100, 34, '', 1, 0, '2018-08-10 20:28:30', '2018-08-10 20:28:30'),
(109, 18, 56, '2017-10-20 00:00:00', '৩ ঘন্টা', 100, 34, '', 1, 0, '2018-08-10 20:28:30', '2018-08-10 20:28:30'),
(110, 18, 57, '2017-10-24 00:00:00', '৩ ঘন্টা', 100, 34, '', 1, 0, '2018-08-10 20:28:30', '2018-08-10 20:28:30'),
(111, 18, 58, '2017-10-22 00:00:00', '৩ ঘন্টা', 100, 34, '', 1, 0, '2018-08-10 20:28:30', '2018-08-10 20:28:30'),
(112, 18, 59, '2017-10-25 00:00:00', '৩ ঘন্টা', 100, 34, '', 1, 0, '2018-08-10 20:28:30', '2018-08-10 20:28:30'),
(113, 19, 60, '2017-10-19 00:00:00', '৩ ঘন্টা', 100, 34, '', 1, 0, '2018-08-10 20:28:30', '2018-08-10 20:28:30'),
(114, 19, 61, '2017-10-20 00:00:00', '৩ ঘন্টা', 100, 34, '', 1, 0, '2018-08-10 20:28:30', '2018-08-10 20:28:30'),
(115, 19, 62, '2017-10-26 00:00:00', '৩ ঘন্টা', 100, 34, '', 1, 0, '2018-08-10 20:28:30', '2018-08-10 20:28:30'),
(116, 19, 63, '2017-10-25 00:00:00', '৩ ঘন্টা', 100, 34, '', 1, 0, '2018-08-10 20:28:30', '2018-08-10 20:28:30'),
(117, 19, 64, '2017-10-23 00:00:00', '৩ ঘন্টা', 100, 34, '', 1, 0, '2018-08-10 20:28:30', '2018-08-10 20:28:30'),
(118, 19, 65, '2017-10-21 00:00:00', '৩ ঘন্টা', 100, 34, '', 1, 0, '2018-08-10 20:28:30', '2018-08-10 20:28:30'),
(119, 19, 66, '2017-10-24 00:00:00', '৩ ঘন্টা', 100, 34, '', 1, 0, '2018-08-10 20:28:30', '2018-08-10 20:28:30'),
(120, 19, 67, '2017-10-22 00:00:00', '৩ ঘন্টা', 100, 34, '', 1, 0, '2018-08-10 20:28:30', '2018-08-10 20:28:30'),
(121, 19, 68, '2017-10-24 00:00:00', '৩ ঘন্টা', 100, 34, '', 1, 0, '2018-08-10 20:28:30', '2018-08-10 20:28:30'),
(122, 20, 69, '2017-10-26 00:00:00', '৩ ঘন্টা', 100, 34, '', 1, 0, '2018-08-10 20:28:30', '2018-08-10 20:28:30'),
(123, 20, 70, '2017-10-20 00:00:00', '৩ ঘন্টা', 100, 34, '', 1, 0, '2018-08-10 20:28:30', '2018-08-10 20:28:30'),
(124, 20, 71, '2017-10-19 00:00:00', '৩ ঘন্টা', 100, 34, '', 1, 0, '2018-08-10 20:28:30', '2018-08-10 20:28:30'),
(125, 20, 72, '2017-10-21 00:00:00', '৩ ঘন্টা', 100, 34, '', 1, 0, '2018-08-10 20:28:30', '2018-08-10 20:28:30'),
(126, 20, 73, '2017-10-23 00:00:00', '৩ ঘন্টা', 100, 34, '', 1, 0, '2018-08-10 20:28:30', '2018-08-10 20:28:30'),
(127, 20, 74, '2017-10-25 00:00:00', '৩ ঘন্টা', 100, 34, '', 1, 0, '2018-08-10 20:28:30', '2018-08-10 20:28:30'),
(128, 20, 75, '2017-10-22 00:00:00', '৩ ঘন্টা', 100, 34, '', 1, 0, '2018-08-10 20:28:30', '2018-08-10 20:28:30'),
(129, 20, 76, '2017-10-24 00:00:00', '৩ ঘন্টা', 100, 34, '', 1, 0, '2018-08-10 20:28:30', '2018-08-10 20:28:30'),
(130, 20, 77, '2017-10-22 00:00:00', '৩ ঘন্টা', 100, 34, '', 1, 0, '2018-08-10 20:28:30', '2018-08-10 20:28:30'),
(131, 21, 78, '2017-10-26 00:00:00', '৩ ঘন্টা', 100, 34, '', 1, 0, '2018-08-10 20:28:30', '2018-08-10 20:28:30'),
(132, 21, 79, '2017-10-22 00:00:00', '৩ ঘন্টা', 100, 34, '', 1, 0, '2018-08-10 20:28:30', '2018-08-10 20:28:30'),
(133, 21, 80, '2017-10-25 00:00:00', '৩ ঘন্টা', 100, 34, '', 1, 0, '2018-08-10 20:28:30', '2018-08-10 20:28:30'),
(134, 21, 81, '2017-10-21 00:00:00', '৩ ঘন্টা', 100, 34, '', 1, 0, '2018-08-10 20:28:30', '2018-08-10 20:28:30'),
(135, 21, 82, '2017-10-24 00:00:00', '৩ ঘন্টা', 100, 34, '', 1, 0, '2018-08-10 20:28:30', '2018-08-10 20:28:30'),
(136, 21, 83, '2017-10-19 00:00:00', '৩ ঘন্টা', 100, 34, '', 1, 0, '2018-08-10 20:28:30', '2018-08-10 20:28:30'),
(137, 21, 84, '2017-10-20 00:00:00', '৩ ঘন্টা', 100, 34, '', 1, 0, '2018-08-10 20:28:30', '2018-08-10 20:28:30'),
(138, 21, 85, '2017-10-23 00:00:00', '৩ ঘন্টা', 100, 34, '', 1, 0, '2018-08-10 20:28:30', '2018-08-10 20:28:30'),
(139, 22, 86, '2017-10-23 00:00:00', '৩ ঘন্টা', 100, 34, '', 1, 0, '2018-08-10 20:28:30', '2018-08-10 20:28:30'),
(140, 22, 87, '2017-10-24 00:00:00', '৩ ঘন্টা', 100, 34, '', 1, 0, '2018-08-10 20:28:30', '2018-08-10 20:28:30'),
(141, 22, 88, '2017-10-25 00:00:00', '৩ ঘন্টা', 100, 34, '', 1, 0, '2018-08-10 20:28:30', '2018-08-10 20:28:30'),
(142, 22, 89, '2017-10-20 00:00:00', '৩ ঘন্টা', 100, 34, '', 1, 0, '2018-08-10 20:28:30', '2018-08-10 20:28:30'),
(143, 22, 90, '2017-10-19 00:00:00', '৩ ঘন্টা', 100, 34, '', 1, 0, '2018-08-10 20:28:30', '2018-08-10 20:28:30'),
(144, 22, 91, '2017-10-21 00:00:00', '৩ ঘন্টা', 100, 34, '', 1, 0, '2018-08-10 20:28:30', '2018-08-10 20:28:30'),
(145, 22, 92, '2017-10-22 00:00:00', '৩ ঘন্টা', 100, 34, '', 1, 0, '2018-08-10 20:28:30', '2018-08-10 20:28:30'),
(146, 22, 93, '2017-10-26 00:00:00', '৩ ঘন্টা', 100, 34, '', 1, 0, '2018-08-10 20:28:30', '2018-08-10 20:28:30'),
(147, 23, 94, '2017-10-23 00:00:00', '৩ ঘন্টা', 100, 34, '', 1, 0, '2018-08-10 20:28:30', '2018-08-10 20:28:30'),
(148, 23, 95, '2017-10-25 00:00:00', '৩ ঘন্টা', 100, 34, '', 1, 0, '2018-08-10 20:28:30', '2018-08-10 20:28:30'),
(149, 23, 96, '2017-10-20 00:00:00', '৩ ঘন্টা', 100, 34, '', 1, 0, '2018-08-10 20:28:30', '2018-08-10 20:28:30'),
(150, 23, 97, '2017-10-24 00:00:00', '৩ ঘন্টা', 100, 34, '', 1, 0, '2018-08-10 20:28:30', '2018-08-10 20:28:30'),
(151, 23, 98, '2017-10-19 00:00:00', '৩ ঘন্টা', 100, 34, '', 1, 0, '2018-08-10 20:28:30', '2018-08-10 20:28:30'),
(152, 23, 100, '2017-10-21 00:00:00', '৩ ঘন্টা', 100, 34, '', 1, 0, '2018-08-10 20:28:30', '2018-08-10 20:28:30'),
(153, 23, 101, '2017-10-26 00:00:00', '৩ ঘন্টা', 100, 34, '', 1, 0, '2018-08-10 20:28:30', '2018-08-10 20:28:30'),
(154, 23, 102, '2017-10-22 00:00:00', '৩ ঘন্টা', 100, 34, '', 1, 0, '2018-08-10 20:28:30', '2018-08-10 20:28:30'),
(155, 28, 0, '2018-08-01 00:00:00', '00:00', 43, 12, '', 1, 1, '2018-08-12 17:40:43', '2018-08-12 17:40:43'),
(156, 30, 103, '2018-08-01 00:00:00', 'sdfs', 45, 34, '', 1, 1, '2018-08-12 19:07:14', '2018-08-12 19:07:14'),
(157, 30, 106, '2018-08-04 00:00:00', 'sdfds', 45, 34, '', 1, 1, '2018-08-12 19:07:14', '2018-08-12 19:07:14'),
(158, 30, 107, '2018-08-08 00:00:00', 'sdfs', 45, 34, '', 1, 1, '2018-08-12 19:07:14', '2018-08-12 19:07:14'),
(159, 30, 108, '0000-00-00 00:00:00', 'sdf', 45, 34, '', 1, 1, '2018-08-12 19:07:14', '2018-08-12 19:07:14');

-- --------------------------------------------------------

--
-- Table structure for table `fee_payment`
--

CREATE TABLE `fee_payment` (
  `fee_payment_id` int(11) NOT NULL,
  `addmission_fee` int(11) NOT NULL,
  `tution_fee` int(11) NOT NULL,
  `service_fee` int(11) NOT NULL,
  `breakfast_fee` int(11) NOT NULL,
  `meal_fee` int(11) NOT NULL,
  `habitation_fee` int(11) NOT NULL,
  `exam_fee` int(11) NOT NULL,
  `other_fee` int(11) NOT NULL,
  `fine` int(11) NOT NULL,
  `payable_amount` int(11) NOT NULL,
  `paid_amount` int(11) NOT NULL DEFAULT '0',
  `status` int(11) NOT NULL,
  `payment_month` varchar(200) DEFAULT NULL,
  `payment_type` int(11) NOT NULL,
  `remark` text CHARACTER SET utf8 COLLATE utf8_unicode_ci,
  `reference_number` varchar(200) NOT NULL,
  `student_id` int(11) NOT NULL,
  `session_id` int(11) NOT NULL DEFAULT '0',
  `created_at` datetime NOT NULL DEFAULT CURRENT_TIMESTAMP,
  `updated_at` datetime NOT NULL DEFAULT CURRENT_TIMESTAMP
) ENGINE=MyISAM DEFAULT CHARSET=utf8 ROW_FORMAT=DYNAMIC;

--
-- Dumping data for table `fee_payment`
--

INSERT INTO `fee_payment` (`fee_payment_id`, `addmission_fee`, `tution_fee`, `service_fee`, `breakfast_fee`, `meal_fee`, `habitation_fee`, `exam_fee`, `other_fee`, `fine`, `payable_amount`, `paid_amount`, `status`, `payment_month`, `payment_type`, `remark`, `reference_number`, `student_id`, `session_id`, `created_at`, `updated_at`) VALUES
(1, 200, 300, 0, 0, 200, 50, 50, 70, 20, 890, 890, 1, '4', 121, 'fjsdiogjo', 'nb435', 8, 0, '2018-08-10 20:31:17', '2018-08-10 20:31:17'),
(2, 0, 0, 0, 0, 0, 0, 0, 0, 0, 0, 0, 1, '6', 121, '', '', 145, 0, '2018-08-10 20:31:17', '2018-08-10 20:31:17');

-- --------------------------------------------------------

--
-- Table structure for table `fee_structure`
--

CREATE TABLE `fee_structure` (
  `fee_structure_id` int(11) NOT NULL,
  `student_id` int(11) NOT NULL,
  `addmission_fee` int(11) NOT NULL,
  `tution_fee` int(11) NOT NULL,
  `service_fee` int(11) NOT NULL,
  `breakfast_fee` int(11) NOT NULL,
  `meal_fee` int(11) NOT NULL,
  `habitation_fee` int(11) NOT NULL,
  `exam_fee` int(11) NOT NULL,
  `other_fee` int(11) NOT NULL,
  `status` tinyint(2) NOT NULL DEFAULT '1',
  `session_id` int(11) NOT NULL DEFAULT '0',
  `created_at` datetime NOT NULL DEFAULT CURRENT_TIMESTAMP,
  `updated_at` datetime NOT NULL DEFAULT CURRENT_TIMESTAMP
) ENGINE=MyISAM DEFAULT CHARSET=utf8 COLLATE=utf8_unicode_ci;

--
-- Dumping data for table `fee_structure`
--

INSERT INTO `fee_structure` (`fee_structure_id`, `student_id`, `addmission_fee`, `tution_fee`, `service_fee`, `breakfast_fee`, `meal_fee`, `habitation_fee`, `exam_fee`, `other_fee`, `status`, `session_id`, `created_at`, `updated_at`) VALUES
(3, 132, 1200, 500, 120, 300, 1200, 700, 1000, 50, 1, 1, '2018-09-02 23:17:32', '2018-09-02 23:17:32'),
(4, 133, 1234, 3, 3, 3, 0, 0, 0, 0, 1, 1, '2018-09-03 01:21:44', '2018-09-03 01:21:44');

-- --------------------------------------------------------

--
-- Table structure for table `grade`
--

CREATE TABLE `grade` (
  `grade_id` int(11) NOT NULL,
  `name` longtext COLLATE utf8_unicode_ci NOT NULL,
  `grade_point` longtext COLLATE utf8_unicode_ci NOT NULL,
  `mark_from` int(11) NOT NULL,
  `mark_upto` int(11) NOT NULL,
  `comment` longtext COLLATE utf8_unicode_ci NOT NULL,
  `status` int(2) NOT NULL DEFAULT '1' COMMENT '0=enable;1=disable;',
  `session_id` int(11) NOT NULL DEFAULT '0',
  `created_at` datetime NOT NULL DEFAULT CURRENT_TIMESTAMP,
  `updated_at` datetime NOT NULL DEFAULT CURRENT_TIMESTAMP
) ENGINE=InnoDB DEFAULT CHARSET=utf8 COLLATE=utf8_unicode_ci;

--
-- Dumping data for table `grade`
--

INSERT INTO `grade` (`grade_id`, `name`, `grade_point`, `mark_from`, `mark_upto`, `comment`, `status`, `session_id`, `created_at`, `updated_at`) VALUES
(1, 'মুমতায', '5', 80, 100, '', 1, 0, '2018-08-10 20:32:48', '2018-08-10 20:32:48'),
(2, 'জায়্যিদ জিদ্দান', '4', 65, 79, '', 1, 0, '2018-08-10 20:32:48', '2018-08-10 20:32:48'),
(3, 'জায়্যিদ', '3', 50, 64, '', 1, 0, '2018-08-10 20:32:48', '2018-08-10 20:32:48'),
(4, 'মাকবূল', '2', 35, 49, '', 1, 0, '2018-08-10 20:32:48', '2018-08-10 20:32:48'),
(5, 'রাসিব', '1', 0, 34, '', 1, 0, '2018-08-10 20:32:48', '2018-08-10 20:32:48');

-- --------------------------------------------------------

--
-- Table structure for table `hrm_leave_head`
--

CREATE TABLE `hrm_leave_head` (
  `leave_head_id` int(11) NOT NULL,
  `leave_name` varchar(255) NOT NULL,
  `status` int(2) NOT NULL DEFAULT '1' COMMENT '0=enable;1=disable;',
  `session_id` int(11) NOT NULL DEFAULT '0',
  `created_at` datetime NOT NULL DEFAULT CURRENT_TIMESTAMP,
  `updated_at` datetime NOT NULL DEFAULT CURRENT_TIMESTAMP
) ENGINE=MyISAM DEFAULT CHARSET=utf8;

--
-- Dumping data for table `hrm_leave_head`
--

INSERT INTO `hrm_leave_head` (`leave_head_id`, `leave_name`, `status`, `session_id`, `created_at`, `updated_at`) VALUES
(1, 'Casual Leave', 1, 0, '2018-08-10 20:33:30', '2018-08-10 20:33:30'),
(2, 'Formal Leave', 1, 0, '2018-08-10 20:33:30', '2018-08-10 20:33:30'),
(3, 'Maternity Leave', 1, 0, '2018-08-10 20:33:30', '2018-08-10 20:33:30'),
(4, 'Sick Leave', 1, 0, '2018-08-10 20:33:30', '2018-08-10 20:33:30'),
(5, 'Study Leave', 1, 0, '2018-08-10 20:33:30', '2018-08-10 20:33:30'),
(6, 'Casual Leave', 1, 0, '2018-08-10 20:33:30', '2018-08-10 20:33:30'),
(7, 'xyyz', 0, 0, '2018-08-10 20:33:30', '2018-08-10 20:33:30');

-- --------------------------------------------------------

--
-- Table structure for table `hrm_leave_history`
--

CREATE TABLE `hrm_leave_history` (
  `leave_history_id` int(11) NOT NULL,
  `staff_id` int(11) NOT NULL,
  `leave_head_id` int(11) NOT NULL,
  `apply_date` date NOT NULL,
  `status` int(11) NOT NULL COMMENT '0=reject,1=approve,2=pending',
  `applied_day` int(11) NOT NULL,
  `leave_date` date NOT NULL,
  `comment` text COLLATE utf8_unicode_ci NOT NULL,
  `leave_accepted` int(11) NOT NULL,
  `session_id` int(11) NOT NULL DEFAULT '0',
  `created_at` datetime NOT NULL DEFAULT CURRENT_TIMESTAMP,
  `updated_at` datetime NOT NULL DEFAULT CURRENT_TIMESTAMP
) ENGINE=MyISAM DEFAULT CHARSET=utf8 COLLATE=utf8_unicode_ci;

--
-- Dumping data for table `hrm_leave_history`
--

INSERT INTO `hrm_leave_history` (`leave_history_id`, `staff_id`, `leave_head_id`, `apply_date`, `status`, `applied_day`, `leave_date`, `comment`, `leave_accepted`, `session_id`, `created_at`, `updated_at`) VALUES
(1, 2, 1, '2017-12-29', 1, 4, '2017-12-11', 'dfsvsdafdsf', 3, 0, '2018-08-10 20:34:11', '2018-08-10 20:34:11'),
(2, 2, 3, '2017-12-29', 1, 1, '0000-00-00', '2312', 1, 0, '2018-08-10 20:34:11', '2018-08-10 20:34:11'),
(3, 1, 5, '2017-12-29', 1, 3, '2017-12-12', '34324', 2, 0, '2018-08-10 20:34:11', '2018-08-10 20:34:11'),
(4, 1, 1, '2017-12-29', 0, 1, '2017-12-05', 'urgent', 1, 0, '2018-08-10 20:34:11', '2018-08-10 20:34:11'),
(5, 1, 4, '2018-01-07', 1, 1, '2018-01-16', '', 1, 0, '2018-08-10 20:34:11', '2018-08-10 20:34:11');

-- --------------------------------------------------------

--
-- Table structure for table `hrm_leave_setup`
--

CREATE TABLE `hrm_leave_setup` (
  `leave_setup_id` int(11) NOT NULL,
  `leave_head_id` int(11) NOT NULL,
  `leave_quantity` int(11) NOT NULL,
  `staff_id` int(11) NOT NULL,
  `status` int(2) NOT NULL DEFAULT '1' COMMENT '0=enable;1=disable;',
  `session_id` int(11) NOT NULL DEFAULT '0',
  `created_at` datetime NOT NULL DEFAULT CURRENT_TIMESTAMP,
  `updated_at` datetime NOT NULL DEFAULT CURRENT_TIMESTAMP
) ENGINE=MyISAM DEFAULT CHARSET=utf8 COLLATE=utf8_unicode_ci;

--
-- Dumping data for table `hrm_leave_setup`
--

INSERT INTO `hrm_leave_setup` (`leave_setup_id`, `leave_head_id`, `leave_quantity`, `staff_id`, `status`, `session_id`, `created_at`, `updated_at`) VALUES
(1, 1, 1, 1, 0, 0, '2018-08-10 20:34:52', '2018-08-10 20:34:52'),
(2, 2, 2, 1, 0, 0, '2018-08-10 20:34:52', '2018-08-10 20:34:52'),
(3, 3, 3, 1, 0, 0, '2018-08-10 20:34:52', '2018-08-10 20:34:52'),
(4, 4, 4, 1, 0, 0, '2018-08-10 20:34:52', '2018-08-10 20:34:52'),
(5, 5, 5, 1, 0, 0, '2018-08-10 20:34:52', '2018-08-10 20:34:52'),
(6, 6, 6, 1, 0, 0, '2018-08-10 20:34:52', '2018-08-10 20:34:52'),
(7, 1, 2, 2, 0, 0, '2018-08-10 20:34:52', '2018-08-10 20:34:52'),
(8, 2, 3, 2, 0, 0, '2018-08-10 20:34:52', '2018-08-10 20:34:52'),
(9, 3, 0, 2, 0, 0, '2018-08-10 20:34:52', '2018-08-10 20:34:52'),
(10, 4, 4, 2, 0, 0, '2018-08-10 20:34:52', '2018-08-10 20:34:52'),
(11, 5, 0, 2, 0, 0, '2018-08-10 20:34:52', '2018-08-10 20:34:52'),
(12, 6, 6, 2, 0, 0, '2018-08-10 20:34:52', '2018-08-10 20:34:52'),
(13, 0, 0, 0, 0, 0, '2018-08-10 20:34:52', '2018-08-10 20:34:52'),
(14, 0, 0, 0, 0, 0, '2018-08-10 20:34:52', '2018-08-10 20:34:52');

-- --------------------------------------------------------

--
-- Table structure for table `invoice`
--

CREATE TABLE `invoice` (
  `invoice_id` int(11) NOT NULL,
  `student_id` int(11) NOT NULL,
  `title` longtext COLLATE utf8_unicode_ci NOT NULL,
  `description` longtext COLLATE utf8_unicode_ci NOT NULL,
  `amount` int(11) NOT NULL,
  `amount_paid` longtext COLLATE utf8_unicode_ci NOT NULL,
  `due` longtext COLLATE utf8_unicode_ci NOT NULL,
  `payment_method` longtext COLLATE utf8_unicode_ci NOT NULL,
  `payment_details` longtext COLLATE utf8_unicode_ci NOT NULL,
  `status` longtext COLLATE utf8_unicode_ci NOT NULL COMMENT 'paid or unpaid',
  `session_id` int(11) NOT NULL DEFAULT '0',
  `created_at` datetime NOT NULL DEFAULT CURRENT_TIMESTAMP,
  `updated_at` datetime NOT NULL DEFAULT CURRENT_TIMESTAMP
) ENGINE=MyISAM DEFAULT CHARSET=utf8 COLLATE=utf8_unicode_ci;

-- --------------------------------------------------------

--
-- Table structure for table `mark`
--

CREATE TABLE `mark` (
  `mark_id` int(11) NOT NULL,
  `student_id` int(11) NOT NULL,
  `subject_id` int(11) NOT NULL,
  `class_id` int(11) NOT NULL,
  `exam_id` int(11) NOT NULL,
  `mark_obtained` int(11) NOT NULL DEFAULT '0',
  `mark_total` int(11) NOT NULL DEFAULT '100',
  `comment` longtext COLLATE utf8_unicode_ci NOT NULL,
  `status` int(2) NOT NULL DEFAULT '1' COMMENT '0=enable;1=disable;',
  `session_id` int(11) NOT NULL DEFAULT '0',
  `created_at` datetime NOT NULL DEFAULT CURRENT_TIMESTAMP,
  `updated_at` datetime NOT NULL DEFAULT CURRENT_TIMESTAMP
) ENGINE=InnoDB DEFAULT CHARSET=utf8 COLLATE=utf8_unicode_ci;

--
-- Dumping data for table `mark`
--

INSERT INTO `mark` (`mark_id`, `student_id`, `subject_id`, `class_id`, `exam_id`, `mark_obtained`, `mark_total`, `comment`, `status`, `session_id`, `created_at`, `updated_at`) VALUES
(1, 132, 103, 3, 30, 34, 100, 'fgd', 1, 1, '2018-08-12 19:34:32', '2018-08-12 19:34:32'),
(2, 133, 103, 3, 30, 34, 100, 'dfgd', 1, 1, '2018-08-12 19:34:32', '2018-08-12 19:34:32'),
(3, 132, 107, 3, 30, 10, 100, '', 1, 1, '2018-08-31 23:17:40', '2018-08-31 23:17:40'),
(4, 133, 107, 3, 30, 74, 100, '', 1, 1, '2018-08-31 23:17:40', '2018-08-31 23:17:40');

-- --------------------------------------------------------

--
-- Table structure for table `message`
--

CREATE TABLE `message` (
  `message_id` int(11) NOT NULL,
  `message` longtext CHARACTER SET latin1 NOT NULL,
  `sender` longtext CHARACTER SET latin1 NOT NULL,
  `read_status` int(11) NOT NULL DEFAULT '0' COMMENT '0 unread 1 read',
  `session_id` int(11) NOT NULL DEFAULT '0',
  `created_at` datetime NOT NULL DEFAULT CURRENT_TIMESTAMP,
  `updated_at` datetime NOT NULL DEFAULT CURRENT_TIMESTAMP,
  `receiver` int(11) NOT NULL DEFAULT '0'
) ENGINE=MyISAM DEFAULT CHARSET=utf8;

-- --------------------------------------------------------

--
-- Table structure for table `news`
--

CREATE TABLE `news` (
  `news_id` int(11) NOT NULL,
  `title` longtext COLLATE latin1_general_ci NOT NULL,
  `description` longtext COLLATE latin1_general_ci NOT NULL,
  `photo` text COLLATE latin1_general_ci,
  `status` int(4) NOT NULL,
  `session_id` int(200) NOT NULL,
  `created_at` datetime NOT NULL DEFAULT CURRENT_TIMESTAMP,
  `updated_at` datetime NOT NULL DEFAULT CURRENT_TIMESTAMP
) ENGINE=InnoDB DEFAULT CHARSET=latin1 COLLATE=latin1_general_ci;

--
-- Dumping data for table `news`
--

INSERT INTO `news` (`news_id`, `title`, `description`, `photo`, `status`, `session_id`, `created_at`, `updated_at`) VALUES
(2, 'kdfhkjl', 'ahfdlasdnhasldfnklanklldhcjadhcldnhckldnhklasdasdfdfdfddADS', NULL, 1, 1, '2018-10-04 19:34:18', '2018-10-04 04:06:56');

-- --------------------------------------------------------

--
-- Table structure for table `noticeboard`
--

CREATE TABLE `noticeboard` (
  `notice_id` int(11) NOT NULL,
  `notice_title` longtext COLLATE utf8_unicode_ci NOT NULL,
  `notice` longtext COLLATE utf8_unicode_ci NOT NULL,
  `status` int(2) NOT NULL DEFAULT '1' COMMENT '0=enable;1=disable;',
  `session_id` int(11) NOT NULL DEFAULT '0',
  `created_at` datetime NOT NULL DEFAULT CURRENT_TIMESTAMP,
  `updated_at` datetime NOT NULL DEFAULT CURRENT_TIMESTAMP
) ENGINE=MyISAM DEFAULT CHARSET=utf8 COLLATE=utf8_unicode_ci;

--
-- Dumping data for table `noticeboard`
--

INSERT INTO `noticeboard` (`notice_id`, `notice_title`, `notice`, `status`, `session_id`, `created_at`, `updated_at`) VALUES
(2, 'ygfufi gt', 'esetting Query Builder allows you to start fresh with your query without executing it first using a method like $this->db->get() or $this->db->insert(). Just like the methods that execute a query, this will not reset items you’ve cached using Query Builder Caching.\r\n\r\nThis is useful in situations where you are using Query Builder to generate SQL (ex. $this->db->get_compiled_select()) but then choose to, for instance, run the query:', 1, 0, '2018-08-10 21:55:46', '2018-08-10 10:30:37'),
(3, 'sfdsfs', 'sdfsdgf', 1, 1, '2018-08-11 02:34:07', '2018-08-11 02:34:07');

-- --------------------------------------------------------

--
-- Table structure for table `parent`
--

CREATE TABLE `parent` (
  `parent_id` int(11) NOT NULL,
  `name` longtext COLLATE utf8_unicode_ci NOT NULL,
  `email` longtext COLLATE utf8_unicode_ci NOT NULL,
  `password` longtext COLLATE utf8_unicode_ci NOT NULL,
  `phone` longtext COLLATE utf8_unicode_ci NOT NULL,
  `address` longtext COLLATE utf8_unicode_ci NOT NULL,
  `profession` longtext COLLATE utf8_unicode_ci NOT NULL,
  `photo` varchar(150) COLLATE utf8_unicode_ci DEFAULT NULL,
  `relation` varchar(250) COLLATE utf8_unicode_ci DEFAULT NULL,
  `status` int(2) NOT NULL DEFAULT '1' COMMENT '0=enable;1=disable;',
  `session_id` int(11) NOT NULL DEFAULT '0',
  `created_at` datetime NOT NULL DEFAULT CURRENT_TIMESTAMP,
  `updated_at` datetime NOT NULL DEFAULT CURRENT_TIMESTAMP
) ENGINE=MyISAM DEFAULT CHARSET=utf8 COLLATE=utf8_unicode_ci;

--
-- Dumping data for table `parent`
--

INSERT INTO `parent` (`parent_id`, `name`, `email`, `password`, `phone`, `address`, `profession`, `photo`, `relation`, `status`, `session_id`, `created_at`, `updated_at`) VALUES
(1, 'মোঃ জাকির হোসাইন খান', '', '', '০১৬২২- ২২ ১৫ ১৫', 'দক্ষিণ দোপখালী,দক্ষিণ দোপখালী, বেতাগী, বরগুনা', '', 'image/parent/photo_মোঃ_জাকির_হোসাইন_খান.', '', 1, 0, '2018-08-10 21:56:34', '2018-08-10 21:56:34'),
(3, 'মোঃ ওমর ফারুক', '#', '@', '০১৭২১- ৩০ ৭২ ২৭', 'দক্ষিণ চেঁচরী,কৈখালী বাজার,কাঠালিয়া,ঝালকাঠী', '#', 'image/parent/photo_Sk_Sarifdfdsf.', '#', 1, 0, '2018-08-10 21:56:34', '2018-08-10 21:56:34'),
(4, 'মোঃ সাইদুল হাসান', '#', '#', '০১৬৮২- ৪৫ ২২ ৪১', 'গঙ্গাপুর,হরিনাথপুর,মুলদী,বরিশাল', '#', 'image/parent/photo_মোঃ_ওমর_ফারুক.', '#', 1, 0, '2018-08-10 21:56:34', '2018-08-10 21:56:34'),
(5, 'মোঃ জাকির হোসেন', '', '', '০১৭৩৯- ৯৩ ১০ ৫৪', 'কালিকাবাড়ী,	কালিকাবাড়ী,	বেতাগী,বরগুনা', '', 'image/parent/photo_মোঃ_জাকির_হোসেন.', '', 1, 0, '2018-08-10 21:56:34', '2018-08-10 21:56:34'),
(6, 'মোঃ কামাল হোসেন', '', '', '০১৮৩০- ৫৮০ ৬৪০', 'মিজগ্রাম,মুন্সিগঞ্জ,কমননগর,লক্ষিপুর', '', 'image/parent/photo_মোঃ_কামাল_হোসেন.', '', 1, 0, '2018-08-10 21:56:34', '2018-08-10 21:56:34'),
(7, 'মোঃ অলিউদ্দীন', '', '', '০১৭৪১-৪০ ৪৭ ৫৩', 'চরদূর্গাপুর,হিজলা,মেমানিয়া,বরিশাল', '', 'image/parent/photo_মোঃ_অলিউদ্দীন.', '', 1, 0, '2018-08-10 21:56:34', '2018-08-10 21:56:34'),
(8, 'মোঃ মোজাম্মেল হক', '', '', '০১৯১৮-৫১ ৫৬ ৩৭', '৪২৯/১বি,দক্ষিণ পাইকপাড়া,মিরপুর,ঢাকা', '', 'image/parent/photo_মোঃ_মোজাম্মেল_হক.', '', 1, 0, '2018-08-10 21:56:34', '2018-08-10 21:56:34'),
(9, 'মোঃ মাসউদুর রহমান', '', '', '০১৭৬০-১১ ২১ ৬৯', 'দক্ষিণ ভান্ডারখোলা,আটজুড়ী,মোল্লাহাট,বাগেরহাট', '', 'image/parent/photo_মোঃ_মাসউদুর_রহমান.', '', 1, 0, '2018-08-10 21:56:34', '2018-08-10 21:56:34'),
(10, 'শেখ মোঃ ইয়াকুব আলী', '', '', '০১৬৭৫-৬৪০ ১৯৩', 'রামদামের বাগ,দায়চারা,ফরিদগঞ্জ,চাঁদপুর', '', 'image/parent/photo_শেখ_মোঃ_ইয়াকুব_আলী.', '', 1, 0, '2018-08-10 21:56:34', '2018-08-10 21:56:34'),
(11, 'মোঃ ইউনুছ', '', '', '০১৭২৭-৭৭০ ৩৭৮', 'চরসামাইয়া ৯নংওয়ার্ড,খেয়া ঘাট ভোলা,ভোলা সদর,ভোলা', '', 'image/parent/photo_মোঃ_ইউনুছ.', '', 1, 0, '2018-08-10 21:56:34', '2018-08-10 21:56:34'),
(12, 'মোঃ আখতার ফারুক', '', '', '০১৬৮৩-৯৬ ০০ ২১', 'ক্ষুদ্রকাধী,কলমবাধী,বাকেরগঞ্জ,বরিশাল', '', 'image/parent/photo_মোঃ_আখতার_ফারুক.', '', 1, 0, '2018-08-10 21:56:34', '2018-08-10 21:56:34'),
(13, 'মোঃ কাউসার আহমাদ', '', '', '০১৯১৩-২৭ ২২ ৬৭', 'চয়লাপাং,চয়লাপাং,নবীনগর,বিবাড়িয়া', '', 'image/parent/photo_মোঃ_কাউসার_আহমাদ.', '', 1, 0, '2018-08-10 21:56:34', '2018-08-10 21:56:34'),
(14, 'মোঃ আনোয়ার মোল্লা', '', '', '০১৯১৭-০১৫ ২৩০', 'ভোঙ্গ,কাদিরাবাদ,হিজলা,বরিশাল', '', 'image/parent/photo_মোঃ_আনোয়ার_মোল্লা.', '', 1, 0, '2018-08-10 21:56:34', '2018-08-10 21:56:34'),
(15, 'মোঃ নাসির উদ্দীন', '', '', '০১৭২৫-৪১ ৪৮ ১৭', 'চর দূর্গাপুর,টেগেরহাট,হিজলা,বরিশাল', '', 'image/parent/photo_মোঃ_নাসির_উদ্দীন.', '', 1, 0, '2018-08-10 21:56:34', '2018-08-10 21:56:34'),
(16, 'মোঃ তোফায়েল আহমেদ', '', '', '০১৯৪৩-৭২ ৭৫ ০৬', 'শুনুই দশ বাকিয়া,শুনুই বড়বাড়ী,আটপাড়া,নেত্রকোনা', '', 'image/parent/photo_মোঃ_তোফায়েল_আহমেদ.', '', 1, 0, '2018-08-10 21:56:34', '2018-08-10 21:56:34'),
(17, 'মোঃ হাফিজুর রহমান', '', '', '০১৯৫২-৯৯ ২৬ ১২', 'শিরিকলকাটি,ঈশ^রীপুর,শ্যামনগর,সাতক্ষিরা', '', 'image/parent/photo_মোঃ_হাফিজুর_রহমান.', '', 1, 0, '2018-08-10 21:56:34', '2018-08-10 21:56:34'),
(18, 'মোঃ জসিম উদ্দীন', '', '', '০১৭৭৭-৬৮ ৬৯ ১৪', '৪৩১/২,দক্ষিণ পাইক পাড়া,মিরপুর,ঢাকা', '', 'image/parent/photo_মোঃ_জসিম_উদ্দীন.', '', 1, 0, '2018-08-10 21:56:34', '2018-08-10 21:56:34'),
(19, 'মোঃ শাহজালাল', '', '', '০১৭২৮-৮৮ ২৬ ৪৬', 'গোবিন্দপুর,কাশেমাবাদ,হাজীগঞ্জ,চাদপুর', '', 'image/parent/photo_মোঃ_শাহজালাল.', '', 1, 0, '2018-08-10 21:56:34', '2018-08-10 21:56:34'),
(20, 'মোঃ জমাত আলী গাজী', '', '', '০১৯২০-৩৭৩২৭৩', 'চন্ডিপুর,খোসালখালী,শ্যামনগর,সাতক্ষিরা', '', 'image/parent/photo_মোঃ_জমাত_আলী_গাজী.', '', 1, 0, '2018-08-10 21:56:34', '2018-08-10 21:56:34'),
(21, 'মোঃ মিজানুর রহমান কাগজী', '', '', '০১৯২৯-১৭ ৯০ ৮৮', 'মুন্সিগঞ্জ,জেলেখালী,শ্যামনগর,সাতক্ষিরা', '', 'image/parent/photo_মোঃ_মিজানুর_রহমান_কাগজী.', '', 1, 0, '2018-08-10 21:56:34', '2018-08-10 21:56:34'),
(22, 'মোঃ মাহবুবুল হাসান', '', '', '০১৯৬৩- ৭৬ ৬০ ১৯', 'তারাজুল,দুপচাচিয়া,দুপচাচিয়া,বগুড়া', '', 'image/parent/photo_মোঃ_মাহবুবুল_হাসান.', '', 1, 0, '2018-08-10 21:56:34', '2018-08-10 21:56:34'),
(23, 'মোঃ শাহজাহান', '', '', '০১৭৩৩-৮৯ ২৪ ৭৭', '১৪১/১-টি-১২,দ্ক্ষীণ পীরেরবাগ,মিরপুর,ঢাকা', '', 'image/parent/photo_মোঃ_শাহজাহান.', '', 1, 0, '2018-08-10 21:56:34', '2018-08-10 21:56:34'),
(24, 'মোঃ দারুল ইসলাম', '', '', '০১৯৬৫-৯৭ ৯২ ৯১', 'কালন্দা,হলদীবাড়ীহাট,বালিয়াভাঙ্গী,ঠাকুরগাঁও', '', 'image/parent/photo_মোঃ_দারুল_ইসলাম.', '', 1, 0, '2018-08-10 21:56:34', '2018-08-10 21:56:34'),
(25, 'মোঃ সুমন ইসলাম', '', '', '০১৭১১-৯৪ ৬৯ ৫৯', '৩০৬/এফ ঝীলপাড়,মধ্য পীরেরবাগ,মিরপুর,ঢাকা', '', 'image/parent/photo_মোঃ_সুমন_ইসলাম.', '', 1, 0, '2018-08-10 21:56:34', '2018-08-10 21:56:34'),
(26, 'মোঃ রুবেল', '', '', '০১৯৮৯-০২ ১৪ ১৫', 'মরিচালি,ডৌহাখলা,গৌরীপুর,মোমেনশাহী', '', 'image/parent/photo_মোঃ_রুবেল.', '', 1, 0, '2018-08-10 21:56:34', '2018-08-10 21:56:34'),
(27, 'মোঃ ফয়েজ মিয়া', '', '', '০১৮১১-৪১১ ৯৫২', 'পশ্চিম মুকুন্দসার,মেনাপুর বাজার,হাজিগঞ্জ,চাঁদপুর', '', 'image/parent/photo_মোঃ_ফয়েজ_মিয়া.', '', 1, 0, '2018-08-10 21:56:34', '2018-08-10 21:56:34'),
(28, 'মোঃ মনজু ফকির', '', '', '০১৬৩৬-৩৫০ ৩৪৯', 'কাচিহারা,গংগাপাড়া,ইসলামপুর,জামালপুর', '', 'image/parent/photo_মোঃ_মনজু_ফকির.', '', 1, 0, '2018-08-10 21:56:34', '2018-08-10 21:56:34'),
(29, 'মোঃ গিয়াস উদ্দীন', '', '', '০১৯১৭-৬৯ ৪৬ ১০,০১৬২৫-৬৬ ৮৭ ৮৬ ', 'দুর্বাডাঙ্গা,জাজিরা,জাজিরা,শরীয়তপুর', '', 'image/parent/photo_মোঃ_গিয়াস_উদ্দীন.', '', 1, 0, '2018-08-10 21:56:34', '2018-08-10 21:56:34'),
(30, 'মোঃ মানিক মিয়া', '', '', '০১৯১৭-০৯ ৭৯ ৭০', 'সাদেরকিল,রামগঞ্জ,লক্ষীপুর,লক্ষীপুর', '', 'image/parent/photo_মোঃ_মানিক_মিয়া.', '', 1, 0, '2018-08-10 21:56:34', '2018-08-10 21:56:34'),
(31, 'মোঃ রফিকুল ইসলাম', '', '', '০১৭৫৮-১০৫ ৪০০', 'চর দুর্গাপুর,টেগেরহাট,হিজলা,বরিশাল', '', 'image/parent/photo_মোঃ_রফিকুল_ইসলাম.', '', 1, 0, '2018-08-10 21:56:34', '2018-08-10 21:56:34'),
(32, 'মোঃ তোফাজ্জল হোসেন', '', '', '০১৯১৬-৩৫ ৯৯ ৯৫', 'তারাটি মধ্য পাড়া,তারাটি ফকিরগঞ্জ,বাজার মুক্তাগাছা,মোমেনশাহী', '', 'image/parent/photo_মোঃ_তোফাজ্জল_হোসেন.', '', 1, 0, '2018-08-10 21:56:34', '2018-08-10 21:56:34'),
(33, 'মোঃ রফিকুল ইসলাম', '', '', '০১৭২৪-৬৬ ১২ ২৬', 'বাগমারা,বাহাদুরপুর,পাংসা,রাজবাড়ি', '', 'image/parent/photo_মোঃ_রফিকুল_ইসলাম.', '', 1, 0, '2018-08-10 21:56:34', '2018-08-10 21:56:34'),
(34, 'মোঃ জয়নাল আবেদীন', '', '', '০১৯৭২-৬০ ৪৩ ৭৪', 'সেজিয়া,সেজিয়া বাজার,মহেশপুর,ঝিনাইদাহ', '', 'image/parent/photo_মোঃ_জয়নাল_আবেদীন.', '', 1, 0, '2018-08-10 21:56:34', '2018-08-10 21:56:34'),
(35, 'মোঃ হাবিবুর রহমান', '', '', '০১৭৩৭-৫৪ ৬০ ৩৭', 'হষ্টিক্ষোন্ড,হষ্টিক্ষোন্ড,উজিরপুর,বরিশাল', '', 'image/parent/photo_মোঃ_হাবিবুর_রহমান.', '', 1, 0, '2018-08-10 21:56:34', '2018-08-10 21:56:34'),
(36, 'মোঃ ইব্রাহীম হোসেন', '', '', '০১৭৪৭-৪০ ৬৫ ৬৪', 'চর সাতদ বাড়ীয়া,চর সাতদ বাড়ীয়া,উল্লাপাড়া,সিরাজগঞ্জ', '', 'image/parent/photo_মোঃ_ইব্রাহীম_হোসেন.', '', 1, 0, '2018-08-10 21:56:34', '2018-08-10 21:56:34'),
(37, 'মোঃ আবু তালেব', '', '', '০১৭৪৮-৯২ ৯৬ ৮৫', 'বেকড়া,বেকড়া,নাগরপুর,টাঙ্গাইল', '', 'image/parent/photo_মোঃ_আবু_তালেব.', '', 1, 0, '2018-08-10 21:56:34', '2018-08-10 21:56:34'),
(38, 'মোঃ আব্দুল হাই', '', '', '০১৮১১-১৩ ৯৭ ২১', 'হোসেনপুর,মালের বাড়ী,কচুয়া,চাঁদপুর', '', 'image/parent/photo_মোঃ_আব্দুল_হাই.', '', 1, 0, '2018-08-10 21:56:34', '2018-08-10 21:56:34'),
(39, 'কে, এম, শাহিনুর আলম', '', '', '০১৯১৭-৭৯০ ১৬১', 'মুিন্সগঞ্জ,জেলেখালী,শ্যামনগর,সাতক্ষীরা', '', 'image/parent/photo_কে,_এম,_শাহিনুর_আলম.', '', 1, 0, '2018-08-10 21:56:34', '2018-08-10 21:56:34'),
(40, 'মোঃ আলমগীর হোসেন', '', '', '০১৬২৭-৪০ ৯৩ ৩৪', 'দ্ক্ষীণ পীরেরবাগ,মিরপুর,মিরপুর,ঢাকা', '', 'image/parent/photo_মোঃ_আলমগীর_হোসেন.', '', 1, 0, '2018-08-10 21:56:34', '2018-08-10 21:56:34'),
(41, 'মোঃ মোস্তফা আলী মাসুদ', '', '', '০১৯১৭-২১ ৭০ ৪৫', '৩৯৪দঃ পাইকপাড়া,মিরপুর,মিরপুর,ঢাকা', '', 'image/parent/photo_মোঃ_মোস্তফা_আলী_মাসুদ.', '', 1, 0, '2018-08-10 21:56:34', '2018-08-10 21:56:34'),
(42, 'মোঃ হেলাল উদ্দিন', '', '', '০১৬৭৩-০৮৬ ৮৮৭', 'দক্ষিণ পাইকপাড়া,মিরপুর,মিরপুর,ঢাকা', '', 'image/parent/photo_মোঃ_হেলাল_উদ্দিন.', '', 1, 0, '2018-08-10 21:56:34', '2018-08-10 21:56:34'),
(43, 'মোঃ আলম মিয়া', '', '', '০১৮৫৯-১৩ ৭৩ ৫১', 'কবিচন্দ্রদী,রফারদীয়া,দাউদকান্দি,কুমিল্লা', '', 'image/parent/photo_মোঃ_আলম_মিয়া.', '', 1, 0, '2018-08-10 21:56:34', '2018-08-10 21:56:34'),
(44, 'মোঃ নাসির উদ্দীন', '', '', '০১৭১৭-৯৮ ৮৮ ২২', '৪২৬/১,গার্ডেনডিউ রোড,মিরপুর,ঢাকা', '', 'image/parent/photo_মোঃ_নাসির_উদ্দীন.', '', 1, 0, '2018-08-10 21:56:34', '2018-08-10 21:56:34'),
(45, 'মোঃ বাবুল মিয়া', '', '', '০১৬২৪-৬৩ ৫৯ ৮১', 'ভাংনামারী,ভাটিপাড়া,গৌরীপুর,কুমিল্লা', '', 'image/parent/photo_মোঃ_বাবুল_মিয়া.', '', 1, 0, '2018-08-10 21:56:34', '2018-08-10 21:56:34'),
(46, 'মোঃ নূরুল ইসলাম', '', '', '০১৮৫৯- ১৩ ৭৩ ৫১', 'কবিচন্দ্রদী,রফারদীয়া,দাউদকান্দি,কুমিল্লা', '', 'image/parent/photo_মোঃ_নূরুল_ইসলাম.', '', 1, 0, '2018-08-10 21:56:34', '2018-08-10 21:56:34'),
(47, 'মোঃ মঞ্জুরুল হক', '', '', '০১৬১১-৮৮ ৯১ ৯২', 'ভাংনামারী,ভাটিপাড়া,অনন্তগঞ্জ,কুমিল্লা', '', 'image/parent/photo_মোঃ_মঞ্জুরুল_হক.', '', 1, 0, '2018-08-10 21:56:34', '2018-08-10 21:56:34'),
(48, 'মোঃ রফিকুল ইসলাম', '', '', '০১৮৬৪-৯৩ ৮১ ৫৬', 'দৌলতখাঁ,ব্যাংকের হাট,দৌলতখাঁ,ভোলা', '', 'image/parent/photo_মোঃ_রফিকুল_ইসলাম.', '', 1, 0, '2018-08-10 21:56:34', '2018-08-10 21:56:34'),
(49, 'মোঃ জসীম উদ্দীন', '', '', '০১৯১৫-৬৬ ৪৪ ০০', '২৭৮ মধ্যপীরেরবাগ,মিরপুর,মিরপুর,ঢাকা', '', 'image/parent/photo_মোঃ_জসীম_উদ্দীন.', '', 1, 0, '2018-08-10 21:56:34', '2018-08-10 21:56:34'),
(50, 'মোঃ আমিনুল ইসলাম', '', '', '০১৬১১-৮৮ ৯১ ৯২', 'ভাংনামারী,ভাটিপাড়া,অনন্তগঞ্জ,মোমেনশাহী', '', 'image/parent/photo_মোঃ_আমিনুল_ইসলাম.', '', 1, 0, '2018-08-10 21:56:34', '2018-08-10 21:56:34'),
(51, 'মোঃ বশির আহমেদ', '', '', '০১৬১১- ৮৩ ৮৮ ৩৩', 'চর যমুনা,নীল কমল,চর ফ্যাশন,ভোলা', '', 'image/parent/photo_মোঃ_বশির_আহমেদ.', '', 1, 0, '2018-08-10 21:56:34', '2018-08-10 21:56:34'),
(52, 'মনির হোসেন', '', '', '০১৭২৯-৯৬ ০১ ৬৫', 'দক্ষিণ ফয়েট,তরগাও,কাপাসিয়া,গাজীপুর', '', 'image/parent/photo_মনির_হোসেন.', '', 1, 0, '2018-08-10 21:56:34', '2018-08-10 21:56:34'),
(53, 'মোঃ রুহুল আমিন', '', '', '০১৭২১-৪৬ ৮০ ৭৩', 'বালিয়া তলী,পাতাকোকলিয়া,আমতলা,বরগুনা', '', 'image/parent/photo_মোঃ_রুহুল_আমিন.', '', 1, 0, '2018-08-10 21:56:34', '2018-08-10 21:56:34'),
(54, 'মোঃ হাবিবুল্লাহ', '', '', '০১৭৫৪-২৮ ০০ ৬৬', 'মাহমুদপুর,ভাডুখালী,৭নং আলিপুর,সাতক্ষীরা', '', 'image/parent/photo_মোঃ_হাবিবুল্লাহ.', '', 1, 0, '2018-08-10 21:56:34', '2018-08-10 21:56:34'),
(55, 'মোঃ ইকবাল হোসেন হাওলাদার', '', '', '০১৫৫২-৪৮ ৮৮ ৪৩', 'পশ্চিম চাঁদকাঠী,ঝালকাঠী সদর,ঝালকাঠী', '', 'image/parent/photo_মোঃ_ইকবাল_হোসেন_হাওলাদার.', '', 1, 0, '2018-08-10 21:56:34', '2018-08-10 21:56:34'),
(56, 'মোঃ আব্দুল মুত্তালিব', '', '', '০১৯৬৯- ০৬৬ ৮২৯', 'মরীচালী,ডৌহাখলা,গৌরীপুর,মোমেনশাহী', '', 'image/parent/photo_মোঃ_আব্দুল_মুত্তালিব.', '', 1, 0, '2018-08-10 21:56:34', '2018-08-10 21:56:34'),
(57, 'মোঃ শফিকুল ইসলাম', '', '', '০১৯১৭-৪২০ ৯৫৮', 'বাদখাটা,নাকিপুর,শ্যামনগর,সাতক্ষীরা', '', 'image/parent/photo_মোঃ_শফিকুল_ইসলাম.', '', 1, 0, '2018-08-10 21:56:34', '2018-08-10 21:56:34'),
(58, 'মোঃ শাহজাহান সওদাগর', '', '', '০১৬৭৫-২৫ ৭১ ৩৪', 'পশ্চিম লক্ষীপুর,দালাল বাজার,লক্ষীপুর,লক্ষীপুর', '', 'image/parent/photo_মোঃ_শাহজাহান_সওদাগর.', '', 1, 0, '2018-08-10 21:56:34', '2018-08-10 21:56:34'),
(59, 'মোঃ আবু সাঈদ', '', '', '০১৭২৮-৭৯ ৭৯ ২৯', 'মরীচালী,ডৌহাখলা,গৌরীপুর,মোমেনশাহী', '', 'image/parent/photo_মোঃ_আবু_সাঈদ.', '', 1, 0, '2018-08-10 21:56:34', '2018-08-10 21:56:34'),
(60, 'মোঃ রবিউল ইসলাম', '', '', '০১৭৭৬-৪৪ ৫৮ ৯১', 'গুদারা	শুবনালী,আশাশুনি,সাতক্ষীরা', '', 'image/parent/photo_মোঃ_রবিউল_ইসলাম.', '', 1, 0, '2018-08-10 21:56:34', '2018-08-10 21:56:34'),
(61, 'মোঃ বাবুল খাঁন', '', '', '০১৭৭৯-৪৭ ৪১ ৬০', 'খুনের চর,খাশের হাট,কলকিনি,মাদারীপুর', '', 'image/parent/photo_মোঃ_বাবুল_খাঁন.', '', 1, 0, '2018-08-10 21:56:34', '2018-08-10 21:56:34'),
(62, 'মোঃ আব্দুর রহমান গাজী', '', '', '০১৯২৬-৮০ ১৭ ৮২', 'নদ্দা,কালাচাঁদপুর,গুলশান,ঢাকা', '', 'image/parent/photo_মোঃ_আব্দুর_রহমান_গাজী.', '', 1, 0, '2018-08-10 21:56:34', '2018-08-10 21:56:34'),
(63, 'মোঃ নাসীরুদ্দীন', '', '', '০১৯১১-২৪ ৬৭ ৯৩', 'উত্তরপুর হাজী বাড়ী,উত্তরপুর হাজী বাড়ী,লাকসাম,	কুমিল্লা', '', 'image/parent/photo_মোঃ_নাসীরুদ্দীন.', '', 1, 0, '2018-08-10 21:56:34', '2018-08-10 21:56:34'),
(64, 'মোঃ মিজানুর রহমান', '', '', '০১৯৬১-৫২২ ৮৩৪', 'পূর্বচৈতা,কাঠালতলী বাজার,মির্জাগঞ্জ,পটুয়াখালী', '', 'image/parent/photo_মোঃ_মিজানুর_রহমান.', '', 1, 0, '2018-08-10 21:56:34', '2018-08-10 21:56:34'),
(65, 'মোঃ হারুন অর রশিদ', '', '', '০১৯৩৪-৩২০ ৪৮৪', 'চর লক্ষীপুর,শম্ভুগঞ্জ,কুতুয়ালী,মোমেনশাহী', '', 'image/parent/photo_মোঃ_হারুন_অর_রশিদ.', '', 1, 0, '2018-08-10 21:56:34', '2018-08-10 21:56:34'),
(66, 'মোঃ আব্দুর রশিদ', '', '', '০১৭৮৮-৩৭ ৯৮ ১৩', 'হাজিরগাতি,রোয়ালবাড়ি,কেন্দুয়া,নেত্রকোনা', '', 'image/parent/photo_মোঃ_আব্দুর_রশিদ.', '', 1, 0, '2018-08-10 21:56:34', '2018-08-10 21:56:34'),
(67, 'মোঃ মোজাফ্ফর আলী', '', '', '০১৭২৫-২৮ ৬০ ৭৮', 'নন্দি বাড়ি,মুক্তাগাছা,মুক্তাগাছা,মোমেনশাহী', '', 'image/parent/photo_মোঃ_মোজাফ্ফর_আলী.', '', 1, 0, '2018-08-10 21:56:34', '2018-08-10 21:56:34'),
(68, 'মোঃ মিন্টু', '', '', '০১৯০৫-০৪২৬১১', 'পশ্চিম বানিয়ারী,দক্ষিন বানিয়ারী,নাজিরপুর,পিরোজপুর', '', 'image/parent/photo_মোঃ_মিন্টু.', '', 1, 0, '2018-08-10 21:56:34', '2018-08-10 21:56:34'),
(69, 'মোঃ আবুল কালাম আজাদ', '', '', '০১৯১৮-৮৯ ৭৬ ২৮', 'তেতুল বাড়ীয়া,সাফা বন্দর,মঠবাড়ীয়া,পিরোজপুর', '', 'image/parent/photo_মোঃ_আবুল_কালাম_আজাদ.', '', 1, 0, '2018-08-10 21:56:34', '2018-08-10 21:56:34'),
(70, 'মোঃ আব্দুল মুত্তালিব', '', '', '০১৭১১-১৫ ৫৯ ১৫', 'দত্তের চর,গুয়াগাছিয়া,গজারিয়া,মুন্সিগঞ্জ', '', 'image/parent/photo_মোঃ_আব্দুল_মুত্তালিব.', '', 1, 0, '2018-08-10 21:56:34', '2018-08-10 21:56:34'),
(71, 'মোঃ নূরুল ইসলাম', '', '', '০১৯৯২-১৮ ৫৭ ৪২', 'তারাটী,ফকিরগঞ্জ,মুক্তাগাছা,মোমেনশাহী', '', 'image/parent/photo_মোঃ_নূরুল_ইসলাম.', '', 1, 0, '2018-08-10 21:56:34', '2018-08-10 21:56:34'),
(72, 'মোঃ বাবুল মিয়া', '', '', '০১৯৬০-১০ ২১ ৮১', 'নওয়াপাড়া,আখরাইল,ত্রিশাল,মোমেনশাহী', '', 'image/parent/photo_মোঃ_বাবুল_মিয়া.', '', 1, 0, '2018-08-10 21:56:34', '2018-08-10 21:56:34'),
(73, 'মোঃ শফিকুল ইসলাম', '', '', '০১৯২৩- ৭৪ ৬৬ ৮৭', 'ভাবকী,জয়দা,মুক্তাগাছা,মোমেনশাহী', '', 'image/parent/photo_মোঃ_শফিকুল_ইসলাম.', '', 1, 0, '2018-08-10 21:56:34', '2018-08-10 21:56:34'),
(74, 'মোঃ আব্দুল মান্নান', '', '', '০১৯৪২-৫৪ ৯০ ৫১', 'মুরাদ নগর,ইলিয়ট গঞ্জ,চান্দিনা,কুমিল্লা', '', 'image/parent/photo_মোঃ_আব্দুল_মান্নান.', '', 1, 0, '2018-08-10 21:56:34', '2018-08-10 21:56:34'),
(75, 'মোঃ আতাউর রহমান', '', '', '০১৮১২-৭৩ ১৩ ৯৭', 'বিশনন্দি,চৈতন কান্দা,আড়াই হাজার,নারায়নগঞ্জ', '', 'image/parent/photo_মোঃ_আতাউর_রহমান.', '', 1, 0, '2018-08-10 21:56:34', '2018-08-10 21:56:34'),
(76, 'মোঃ হাফিজুর রহমান (মৃত)', '', '', '০১৯১৮-০৮৬ ১৯৯', 'নূরেরচালা,ভাটারা,বাড্ডা,ঢাকা', '', 'image/parent/photo_মোঃ_হাফিজুর_রহমান_(মৃত).', '', 1, 0, '2018-08-10 21:56:34', '2018-08-10 21:56:34'),
(77, 'মোঃ জামাল সিকদার', '', '', '০১৯৯৩-০৪৮ ৯৩৮', 'পশ্চিম টুটপাড়া,খুলনা সদর,শিপইয়াড,খুলনা', '', 'image/parent/photo_মোঃ_জামাল_সিকদার.', '', 1, 0, '2018-08-10 21:56:34', '2018-08-10 21:56:34'),
(78, 'মোঃ আবুল কাশেম', '', '', '০১৯৭৭-৮১ ২৬ ২৪', 'নৌদা খারাল্লাহ বাড়াদী,বহুল বাড়িয়া,মিরপুর,কুষ্টিয়া', '', 'image/parent/photo_মোঃ_হযরত_আলী.', '', 1, 0, '2018-08-10 21:56:34', '2018-08-10 21:56:34'),
(79, 'মোঃ হযরত আলী', '', '', '০১৯১৯-২৩ ২৬ ৮১', 'কাপাশিয়া,হজীবাল্লরোড,লালবাগ,ঢাকা', '', 'image/parent/photo_মোঃ_হযরত_আলী.', '', 1, 0, '2018-08-10 21:56:34', '2018-08-10 21:56:34'),
(80, 'মোঃ নূর আলম', '', '', '০১৮২৯-৫১ ৯৩ ৬৮', 'মির্জানগর,নাটেশ^র,সোনাইমুড়ী,নোয়াখালী', '', 'image/parent/photo_মোঃ_নূর_আলম.', '', 1, 0, '2018-08-10 21:56:34', '2018-08-10 21:56:34'),
(81, 'মোঃ শাহজাহান মিয়া', '', '', '০১৯৯১-০৯৩ ৭৭৮', 'অষ্টগ্রাম,অষ্টগ্রাম,কুলিয়াচর,কিশোরগঞ্জ', '', 'image/parent/photo_মোঃ_শাহজাহান_মিয়া.', '', 1, 0, '2018-08-10 21:56:34', '2018-08-10 21:56:34'),
(82, 'মোঃ ফখরুদ্দীন আহমাদ', '', '', '০১৯১১-২১ ৬০ ২৬', 'হাজীনগর,সারুলিয়া,ডেমরা,ঢাকা', '', 'image/parent/photo_মোঃ_ফখরুদ্দীন_আহমাদ.', '', 1, 0, '2018-08-10 21:56:34', '2018-08-10 21:56:34'),
(83, 'মোঃ সেলিম হোসেন (মৃত)', '', '', '০১৯৬৪-৬০২ ৬৩৩', 'দক্ষিন পিরেরবাগ,আমতলা,মিরপুর,ঢাকা', '', 'image/parent/photo_মোঃ_সেলিম_হোসেন_(মৃত).', '', 1, 0, '2018-08-10 21:56:34', '2018-08-10 21:56:34'),
(84, 'মোঃ আব্দুল মালেক গাজী', '', '', '০১৯১৭-৯৫ ৩৫ ২৪', '১০নং সোরা,চাঁদনীমুখা,শ্যামনগর,সাতক্ষীরা', '', 'image/parent/photo_মোঃ_আব্দুল_মালেক_গাজী.', '', 1, 0, '2018-08-10 21:56:34', '2018-08-10 21:56:34'),
(85, 'মোঃ আব্দুস সালাম গাজী', '', '', '০১৯১৭-৯৫ ৩৫ ২৪', '৯নং বুড়ীগোয়ালিনী,বুড়ীগোয়ালিনী,শ্যামনগর,সাতক্ষীরা', '', 'image/parent/photo_মোঃ_আব্দুস_সালাম_গাজী.', '', 1, 0, '2018-08-10 21:56:34', '2018-08-10 21:56:34'),
(86, 'মোঃ আব্দুল খালেক', '', '', '০১৯২০-৩৮ ৭৭ ৬৮', 'চরআলগী,ঈশ^রগঞ্জ,মোমেনশাহী,মোমেনশাহী', '', 'image/parent/photo_মোঃ_আব্দুল_খালেক.', '', 1, 0, '2018-08-10 21:56:34', '2018-08-10 21:56:34'),
(87, 'মোঃ আবুল বাশার', '', '', '০১৮৩৫-৫৪৬১৮৯', 'নেয়াগাঁও,জোয়াগ,চান্দিনা,কুমিল্লা', '', 'image/parent/photo_মোঃ_আবুল_বাশার.', '', 1, 0, '2018-08-10 21:56:34', '2018-08-10 21:56:34'),
(88, 'মোঃ আরব আলী', '', '', '০১৯৭৫-৫২ ৫৩ ৫০', 'মেঘশিমুল,নতুন বাজার,পূর্বধোলা,নেত্রকোনা', '', 'image/parent/photo_মোঃ_আরব_আলী.', '', 1, 0, '2018-08-10 21:56:34', '2018-08-10 21:56:34'),
(89, 'মোঃ ফজলুর রহমান', '', '', '০১৯৭৬-২৮ ২৭ ৯৯', 'কাজলিদাহ,ঘোগাদহ,কুড়িগ্রাম,কুড়িগ্রাম', '', 'image/parent/photo_মোঃ_ফজলুর_রহমান.', '', 1, 0, '2018-08-10 21:56:34', '2018-08-10 21:56:34'),
(90, 'মোঃ মাহফুজ', '', '', '০১৭৮৬-৬৯ ১২ ৭৮', 'টেকেরহাট,টেকেরহাট,রাজর,মাদারীপুর', '', 'image/parent/photo_মোঃ_মাহফুজ.', '', 1, 0, '2018-08-10 21:56:34', '2018-08-10 21:56:34'),
(91, 'মোঃ হাজী ফরিদুল আলম', '', '', '০১৮২৪-৪৬ ৭৮ ৫৩', 'ঘাটুকলিয়াপাড়া,পি, এম, খালী,কক্সবাজার', '', 'image/parent/photo_মোঃ_হাজী_ফরিদুল_আলম.', '', 1, 0, '2018-08-10 21:56:34', '2018-08-10 21:56:34'),
(92, 'মোঃ আজিজুল হক', '', '', '০১৯৬৯-০৬৬ ৮২৯', 'মরিচালি,ঢৌহাখোলা,গৌরীপুর,মোমেনশাহী', '', 'image/parent/photo_মোঃ_আজিজুল_হক.', '', 1, 0, '2018-08-10 21:56:34', '2018-08-10 21:56:34'),
(93, 'মোঃ হাবিবুর রহমান', '', '', '০১৭৪০-৯৪ ৭০ ৬১', 'বিনানই পশ্চিম পাড়া,মিরকুটিয়া,চৌহালী,সিরাজগঞ্জ', '', 'image/parent/photo_মোঃ_হাবিবুর_রহমান.', '', 1, 0, '2018-08-10 21:56:34', '2018-08-10 21:56:34'),
(94, 'মোঃ মনির হোসেন', '', '', '০১৯৩৭-০৫ ৯৫ ৭৪', 'এমপিডাঙ্গি,চরভদ্রাসোন,চরভদ্রাসোন,ফরিদপুর', '', 'image/parent/photo_মোঃ_মনির_হোসেন.', '', 1, 0, '2018-08-10 21:56:34', '2018-08-10 21:56:34'),
(95, 'মোঃ রুহুল আমীন', '', '', '০১৯৮৮-৯০ ৯১৮৮', 'তারাটী,ফকীরগঞ্জ,মুক্তাগাছা,মোমেনশাহী', '', 'image/parent/photo_মোঃ_রুহুল_আমীন.', '', 1, 0, '2018-08-10 21:56:34', '2018-08-10 21:56:34'),
(96, 'মোঃ নূরুল ইসলাম সরকার', '', '', '০১৮২০-১২ ৩৬ ৭৬', 'দত্তেরচর,গুয়াগাছিয়া,গজারিয়া,মুন্সিগঞ্জ', '', 'image/parent/photo_মোঃ_নূরুল_ইসলাম_সরকার.', '', 1, 0, '2018-08-10 21:56:34', '2018-08-10 21:56:34'),
(97, 'মোঃ নূর হুসাইন', '', '', '০১৭২৮-০২২ ৯০৯', 'তারাটী মধ্য পাড়া	মুক্তাগাছা,মুক্তাগাছা,মোমেনশাহী', '', 'image/parent/photo_মোঃ_নূর_হুসাইন.', '', 1, 0, '2018-08-10 21:56:34', '2018-08-10 21:56:34'),
(98, 'মোঃ ওমর ফারুক', '', '', '০১৭৭৮-১৭০ ৫৭৮', 'বরকরই,দল্লাই নবাবপুর,চান্দিনা,কুমিল্লা', '', 'image/parent/photo_মোঃ_ওমর_ফারুক.', '', 1, 0, '2018-08-10 21:56:34', '2018-08-10 21:56:34'),
(99, 'মোঃ আব্দুল বারেক', '', '', '০১৭৭২-০১ ০৫ ১৫', 'বিশকা,বিশকা,তারাকান্দা,মোমেনশাহী', '', 'image/parent/photo_মোঃ_আব্দুল_বারেক.', '', 1, 0, '2018-08-10 21:56:34', '2018-08-10 21:56:34'),
(100, 'মোঃ মেহেদী হাসান', '', '', '০১৯১৩-৯০৬ ৯০৫', 'ইছাখালী,কমলাপুর,কুমারখালী,কুষ্টিয়া', '', 'image/parent/photo_মোঃ_মেহেদী_হাসান.', '', 1, 0, '2018-08-10 21:56:34', '2018-08-10 21:56:34'),
(101, 'মোঃ অজিয়ার রহমান', '', '', '০১৯৩১-৯৬০ ৪৪০', 'মুন্সিগঞ্জ,জেলেখালী,শ্যামনগর,সাতক্ষিরা', '', 'image/parent/photo_মোঃ_অজিয়ার_রহমান.', '', 1, 0, '2018-08-10 21:56:34', '2018-08-10 21:56:34'),
(102, 'মোঃ ধনু মিয়া', '', '', '০১৯২০-৪০ ৮৩ ৪০', 'দত্তেরচর,গুয়াগাছিয়া,গজারিয়া,মুন্সিগঞ্জ', '', 'image/parent/photo_মোঃ_ধনু_মিয়া.', '', 1, 0, '2018-08-10 21:56:34', '2018-08-10 21:56:34'),
(103, 'মোঃ শামসুল হক', '', '', '০১৭৪২-৯৪ ৮০ ৫৫', 'বিনানই,মিরকুটিয়া,চৌহালী,সিরাজগঞ্জ', '', 'image/parent/photo_মোঃ_শামসুল_হক.', '', 1, 0, '2018-08-10 21:56:34', '2018-08-10 21:56:34'),
(104, 'মোঃ আব্দুল গণী (মৃত)', '', '', '০১৯২৮-৫০ ৬৪ ৭৭', 'ছুছাউড়া,পূর্বধলা,	পূর্বধলা,নেত্রকোনা', '', 'image/parent/photo_মোঃ_আব্দুল_গণী_(মৃত).', '', 1, 0, '2018-08-10 21:56:34', '2018-08-10 21:56:34'),
(105, 'মোঃ আব্দুল মুত্তালিব', '', '', '০১৯৮৯-০২ ১৪ ১৫', 'মরিচালি,ঢৌহাখোলা,গৌরীপুর,মোমেনশাহী', '', 'image/parent/photo_মোঃ_আব্দুল_মুত্তালিব.', '', 1, 0, '2018-08-10 21:56:34', '2018-08-10 21:56:34'),
(106, 'মোঃ আইনুদ্দীন', '', '', '০১৯৫১-৮২৪ ৯১৯', 'গোজাখালীকান্দা,জারিয়া,পূর্বধলা,নেত্রকোনা', '', 'image/parent/photo_মোঃ_আইনুদ্দীন.', '', 1, 0, '2018-08-10 21:56:34', '2018-08-10 21:56:34'),
(107, 'মোঃ চান মিয়া', '', '', '০১৭২৮-০৮৮ ৬৯৪', 'ঝিনাহ পশ্চিম পাড়া,মিরকুটিয়া,চৌহালী,সিরাজগঞ্জ', '', 'image/parent/photo_মোঃ_চান_মিয়া.', '', 1, 0, '2018-08-10 21:56:34', '2018-08-10 21:56:34'),
(108, 'মোঃ নূরুজ্জামান', '', '', '০১৯২৭-১০৩ ১৫৫', 'হরিয়া খালী,উচাখিলা,ঈশ^রগঞ্জ,ময়মনসিংহ', '', 'image/parent/photo_মোঃ_নূরুজ্জামান.', '', 1, 0, '2018-08-10 21:56:34', '2018-08-10 21:56:34'),
(109, 'মোঃ গোলাম কিবরিয়া', '', '', '০১৬৭৯-১৪ ৫৯ ৬১', 'সুতার পাড়া,বৌলা,ফুলপুর,ময়মনসিংহ', '', 'image/parent/photo_মোঃ_গোলাম_কিবরিয়া.', '', 1, 0, '2018-08-10 21:56:34', '2018-08-10 21:56:34'),
(110, 'মোঃ নজরুল ইসলাম', '', '', '০১৯৩৯-৬৯০ ২৫৮', 'খাগকান্দা,শম্ভুপুড়া,আড়াই হাজার,নারায়নগঞ্জ', '', 'image/parent/photo_মোঃ_নজরুল_ইসলাম.', '', 1, 0, '2018-08-10 21:56:34', '2018-08-10 21:56:34'),
(111, 'মোঃ আব্দুর রহিম', '', '', '০১৭৭৬-৬৩২ ২৩৬', 'চৌবাড়িয়া,মিরকুটিয়া,চৌহালী,সিরাজগঞ্জ', '', 'image/parent/photo_মোঃ_আব্দুর_রহিম.', '', 1, 0, '2018-08-10 21:56:34', '2018-08-10 21:56:34'),
(112, 'মোঃ আব্দুস সাত্তার মোড়ল', '', '', '০১৯৪৭-৮২ ৪১ ৭৬', '১০নং সোরা,চাঁদনীমুখা,শ্যামনগর,সাতক্ষিরা', '', 'image/parent/photo_মোঃ_আব্দুস_সাত্তার_মোড়ল.', '', 1, 0, '2018-08-10 21:56:34', '2018-08-10 21:56:34'),
(113, 'মোঃ শহিদুল্লাহ', '', '', '০১৮১৩-০২২৭৯৩', 'খাজুরিয়া,খাজুরিয়া,সেনবাগ,নোয়াখালী', '', 'image/parent/photo_মোঃ_শহিদুল্লাহ.', '', 1, 0, '2018-08-10 21:56:34', '2018-08-10 21:56:34'),
(114, 'মোঃ মোবারক মোল্লা', '', '', '০১৮৪৬-৫১ ৫২ ৮৭', 'কান্দাইল,সাতগ্রাম,নরসিংদী,নরসিংদী', '', 'image/parent/photo_মোঃ_মোবারক_মোল্লা.', '', 1, 0, '2018-08-10 21:56:34', '2018-08-10 21:56:34'),
(115, 'মোঃ রফিকুল ইসলাম', '', '', '০১৯৯৩-২৭০ ৫১৬', 'তারাটি,ফকিরগঞ্জ বাজার,মুক্তাগাছা,মোমেনশাহী', '', 'image/parent/photo_মোঃ_রফিকুল_ইসলাম.', '', 1, 0, '2018-08-10 21:56:34', '2018-08-10 21:56:34'),
(116, 'মোঃ ওয়ালিউল্লাহ', '', '', '০১৯৮৪-৮৬ ৩৪ ৫৩', 'সাদকপুর,পীরযাত্রাপুর,বুড়িচং,কুমিল্লা', '', 'image/parent/photo_মোঃ_ওয়ালিউল্লাহ.', '', 1, 0, '2018-08-10 21:56:34', '2018-08-10 21:56:34'),
(117, 'মোঃ সাইফুল ইসলাম', '', '', '০১৯৯৯-৪৬ ৩৩ ৯০', 'চিটুয়া,বৈরাটি,কেন্দুয়া,নেত্রকোনা', '', 'image/parent/photo_মোঃ_সাইফুল_ইসলাম.', '', 1, 0, '2018-08-10 21:56:34', '2018-08-10 21:56:34'),
(118, 'মোঃ বাবুল মিয়া', '', '', '০১৬৩৬-৪৫০ ৪০০', 'কচুয়া,কচুয়া,সখিপুর,টাংগাইল', '', 'image/parent/photo_মোঃ_বাবুল_মিয়া.', '', 1, 0, '2018-08-10 21:56:34', '2018-08-10 21:56:34'),
(119, 'মোঃ আব্দুল গনি গাজী', '', '', '০১৯৫৯-২৬ ৮১ ২৫', 'বংশীপুর,ঈশ^রীপুর,শ্যমনগর,সাতক্ষীরা', '', 'image/parent/photo_মোঃ_আব্দুল_গনি_গাজী.', '', 1, 0, '2018-08-10 21:56:34', '2018-08-10 21:56:34'),
(120, 'মোঃ আনোয়ার হোসাইন', '', '', '০১৭১৬-৩৬ ৪৩ ৬৬', 'বারৈইকান্দি,গুজিরকোনা,দূর্গাপুর,নেত্রকোনা', '', 'image/parent/photo_মোঃ_আনোয়ার_হোসাইন.', '', 1, 0, '2018-08-10 21:56:34', '2018-08-10 21:56:34'),
(121, 'মোঃ সাহেব আলী', '', '', '০১৬৮৩-০৪৪ ৩৪৪', 'বরকরই,নবাবপুর,চান্দিনা,কুমিল্লা', '', 'image/parent/photo_মোঃ_সাহেব_আলী.', '', 1, 0, '2018-08-10 21:56:34', '2018-08-10 21:56:34'),
(122, 'মোঃ শফি উদ্দীন', '', '', '০১৬২৩-০৫৯ ০০৯', 'খুকশিয়া,শষ্যমেলা,মুক্তাগাছা,মোমেনশাহী', '', 'image/parent/photo_মোঃ_শফি_উদ্দীন.', '', 1, 0, '2018-08-10 21:56:34', '2018-08-10 21:56:34'),
(123, 'মোঃ আবু ওসমান', '', '', '০১৯১৩-২৭ ২২ ৬৭', 'চরলাপাং,নবীনগর,নবীনগর,বি-বাড়িয়া', '', 'image/parent/photo_মোঃ_আবু_ওসমান.', '', 1, 0, '2018-08-10 21:56:34', '2018-08-10 21:56:34'),
(124, 'মোঃ সুরুজ ভুঁঞা', '', '', '০১৮১৭-৬২ ৭৯ ৪৯', 'দূর্গাপুর,চরগোয়ালী,দাউদকান্দি,কুমিল্লা', '', 'image/parent/photo_মোঃ_সুরুজ_ভুঁঞা.', '', 1, 0, '2018-08-10 21:56:34', '2018-08-10 21:56:34'),
(125, 'মোঃ বাবুল হোসাইন', '', '', '০১৭২৫-৮৮ ৪৪ ১২', 'ডোমরাকান্দা,ভাকুর্তা,সাভার,ঢাকা', '', 'image/parent/photo_মোঃ_বাবুল_হোসাইন.', '', 1, 0, '2018-08-10 21:56:34', '2018-08-10 21:56:34'),
(126, 'মোঃ আবু রায়হান', '', '', '০১৭২২-৯৪৪ ৮২১', 'তারাটি,তারাটি মধ্যপাড়া,মুক্তাগাছা,মোমেনশাহী', '', 'image/parent/photo_মোঃ_আবু_রায়হান.', '', 1, 0, '2018-08-10 21:56:34', '2018-08-10 21:56:34'),
(127, 'মোঃ মোস্তফা কামাল', '', '', '০১৮৪৫-৭০ ১০ ৬৭', 'আমানাতপুর,নাজিরপুর,বেগমগঞ্জ,নোয়াখালী', '', 'image/parent/photo_মোঃ_মোস্তফা_কামাল.', '', 1, 0, '2018-08-10 21:56:34', '2018-08-10 21:56:34'),
(128, 'মোঃ আব্দুল আলীম', '', '', '০১৯১৪- ৪৭ ৯৩ ১৬', 'উজানী জোড়া,বল্লভপুর,দেবিদ্বার,কুমিল্লা', '', 'image/parent/photo_মোঃ_আব্দুল_আলীম.', '', 1, 0, '2018-08-10 21:56:34', '2018-08-10 21:56:34'),
(129, 'মোঃ আব্দুল কাইয়ুম', '', '', '০১৯৩৭-২৪ ৮৬ ৫৬', 'ঘোপের ডাঙ্গা,খাদেমুল ইসলাম,টুঙ্গিপাড়া,গোপালগঞ্জ', '', 'image/parent/photo_মোঃ_আব্দুল_কাইয়ুম.', '', 1, 0, '2018-08-10 21:56:34', '2018-08-10 21:56:34'),
(130, 'আব্দুল মোতালেব মিয়া', '', '', '০১৭১৫-৩৯ ৯০ ৩৮', '৩৯৬	,দক্ষিণ পাইকপাড়া,মিরপুর,ঢাকা', '', 'image/parent/photo_আব্দুল_মোতালেব_মিয়া.', '', 1, 0, '2018-08-10 21:56:34', '2018-08-10 21:56:34'),
(131, 'মোঃ মফিজ কাজী', '', '', '০১৭৪৭-৬২ ৭০ ৪২', 'গনিয়ারি,নওহাটা বাজার,মোকসুদপুর,গোপালগঞ্জ', '', 'image/parent/photo_মোঃ_মফিজ_কাজী.', '', 1, 0, '2018-08-10 21:56:34', '2018-08-10 21:56:34'),
(132, 'মোঃ কামরুল ইসলাম', '', '', '০১৯২৪-১৭ ৯৫ ৬২', 'নেয়ামতপুর,নেয়ামতপুর,করিমগঞ্জ,কিশোরগঞ্জ', '', 'image/parent/photo_মোঃ_কামরুল_ইসলাম.', '', 1, 0, '2018-08-10 21:56:34', '2018-08-10 21:56:34'),
(133, 'মোঃ মোস্তফা জামাল ভুইয়া', '', '', '০১৯২৫-৯২ ৮১ ৬৪', 'হোসেনপুর,ঘাগড়া,মিঠামন,কিশোরগঞ্জ', '', 'image/parent/photo_মোঃ_মোস্তফা_জামাল_ভুইয়া.', '', 1, 0, '2018-08-10 21:56:34', '2018-08-10 21:56:34'),
(134, 'মোঃ শাহীন খান উজ্জল', '', '', '০১৭১৬-৫৮ ৩১ ০৭', '২২০/এম,দক্ষিণ পীরেরবাগ,মিরপুর,ঢাকা', '', 'image/parent/photo_মোঃ_শাহীন_খান_উজ্জল.', '', 1, 0, '2018-08-10 21:56:34', '2018-08-10 21:56:34'),
(135, 'মোঃ হাসনাত উল্লাহ দুলাল', '', '', '০১৮১৮-৫৮ ২৪ ৮৯', 'নজুমিয়া হাজী বাড়ী,আব্দুল্লাপুর,বেগমগঞ্জ,নোয়াখালী', '', 'image/parent/photo_মোঃ_হাসনাত_উল্লাহ_দুলাল.', '', 1, 0, '2018-08-10 21:56:34', '2018-08-10 21:56:34'),
(136, 'সুলতান মাহমুদুর রহমান', 'sultanmahmud1431@gmail.com', '123456', '01911216026', 'হাজীনগর, সারুলিয়া, ডেমরা, ঢাকা-১৩৬১', 'শিক্ষক', 'image/parent/photo_সুলতান_মাহমুদুর_রহমানশিক্ষক.jpg', 'পিতা', 1, 0, '2018-08-10 21:56:34', '2018-08-10 21:56:34');

-- --------------------------------------------------------

--
-- Table structure for table `section`
--

CREATE TABLE `section` (
  `section_id` int(11) NOT NULL,
  `name` longtext COLLATE utf8_unicode_ci NOT NULL,
  `symbol` longtext COLLATE utf8_unicode_ci NOT NULL,
  `class_id` int(11) NOT NULL,
  `teacher_id` int(11) NOT NULL,
  `status` int(2) NOT NULL DEFAULT '1' COMMENT '0=enable;1=disable;',
  `session_id` int(11) NOT NULL DEFAULT '0',
  `created_at` datetime NOT NULL DEFAULT CURRENT_TIMESTAMP,
  `updated_at` datetime NOT NULL DEFAULT CURRENT_TIMESTAMP
) ENGINE=InnoDB DEFAULT CHARSET=utf8 COLLATE=utf8_unicode_ci;

--
-- Dumping data for table `section`
--

INSERT INTO `section` (`section_id`, `name`, `symbol`, `class_id`, `teacher_id`, `status`, `session_id`, `created_at`, `updated_at`) VALUES
(1, 'উচ্চতর ইসলামী আঈন অনুষদ', 'ইফতা', 1, 1, 1, 0, '2018-08-10 21:57:45', '2018-08-10 21:57:45'),
(2, 'তাকমীল', 'স্নাতোকত্তর', 2, 1, 1, 0, '2018-08-10 21:57:45', '2018-08-10 21:57:45'),
(3, 'ফযীলত', 'স্নাতক ২য় বর্ষ', 3, 2, 1, 0, '2018-08-10 21:57:45', '2018-08-10 21:57:45'),
(4, 'ফযীলত', 'স্নাতক ১ম বর্ষ', 4, 3, 1, 0, '2018-08-10 21:57:45', '2018-08-10 21:57:45'),
(5, 'সানাবিয়া উলইয়া', 'উচ্চ মাধ্যমিক ১ম ও ২য় বর্ষ', 5, 5, 1, 0, '2018-08-10 21:57:45', '2018-08-10 21:57:45'),
(6, 'সানাবিয়া আম্মাহ', 'মাধ্যমিক ১ম ও ২য় বর্ষ', 6, 6, 1, 0, '2018-08-10 21:57:45', '2018-08-10 21:57:45'),
(7, 'মুতাওয়াসসিতাহ ৩য় বর্ষ', 'নিম্ন মাধ্যমিক ৩য় বর্ষ', 7, 7, 1, 0, '2018-08-10 21:57:45', '2018-08-10 21:57:45'),
(8, 'মুতাওয়াসসিতাহ ২য় বর্ষ', 'নিম্ন মাধ্যমিক ২য় বর্ষ', 8, 8, 1, 0, '2018-08-10 21:57:45', '2018-08-10 21:57:45'),
(9, 'মুতাওয়াসসিতাহ ১য় বর্ষ', 'নিম্ন মাধ্যমিক ১য় বর্ষ', 9, 10, 1, 0, '2018-08-10 21:57:45', '2018-08-10 21:57:45'),
(10, 'ইবতিদায়ী ৫ম বর্ষ', 'প্রাথমিক ৫ম বর্ষ', 10, 11, 1, 0, '2018-08-10 21:57:45', '2018-08-10 21:57:45'),
(11, 'ইবতিদায়ী ৪র্থ বর্ষ', 'প্রাথমিক ৪র্থ বর্ষ', 11, 9, 1, 0, '2018-08-10 21:57:45', '2018-08-10 21:57:45'),
(12, 'ইবতিদায়ী ৩য় বর্ষ', 'প্রাথমিক ৩য় বর্ষ', 13, 24, 1, 0, '2018-08-10 21:57:45', '2018-08-10 21:57:45'),
(13, 'ইবতিদায়ী ২য় বর্ষ', 'প্রাথমিক ২য় বর্ষ', 14, 25, 1, 0, '2018-08-10 21:57:45', '2018-08-10 21:57:45'),
(14, 'ইবতিদায়ী ১ম বর্ষ', 'প্রাথমিক ১ম বর্ষ', 15, 26, 1, 0, '2018-08-10 21:57:45', '2018-08-10 21:57:45'),
(15, 'প্রাক প্রাথমিক', '১ম', 16, 27, 1, 0, '2018-08-10 21:57:45', '2018-08-10 21:57:45'),
(16, 'হিফয বিভাগ ক', 'ক', 17, 20, 1, 0, '2018-08-10 21:57:45', '2018-08-10 21:57:45'),
(17, 'হিফয বিভাগ খ', 'খ', 18, 21, 1, 0, '2018-08-10 21:57:45', '2018-08-10 21:57:45'),
(18, 'হিফয বিভাগ গ', 'গ', 19, 22, 1, 0, '2018-08-10 21:57:45', '2018-08-10 21:57:45'),
(19, 'হিফয বিভাগ ঘ', 'ঘ', 20, 23, 1, 0, '2018-08-10 21:57:45', '2018-08-10 21:57:45'),
(20, 'abc', '১৪শ', 5, 8, 1, 1, '2018-08-12 00:44:16', '2018-08-11 09:00:55');

-- --------------------------------------------------------

--
-- Table structure for table `session`
--

CREATE TABLE `session` (
  `session_id` int(11) NOT NULL,
  `name` text NOT NULL,
  `session_from` date NOT NULL,
  `session_to` date NOT NULL,
  `status` int(2) NOT NULL COMMENT '0=enable;1=disable;',
  `created_at` datetime NOT NULL DEFAULT CURRENT_TIMESTAMP,
  `updated_at` datetime NOT NULL DEFAULT CURRENT_TIMESTAMP
) ENGINE=MyISAM DEFAULT CHARSET=utf8;

--
-- Dumping data for table `session`
--

INSERT INTO `session` (`session_id`, `name`, `session_from`, `session_to`, `status`, `created_at`, `updated_at`) VALUES
(1, '2017-2018 ', '2017-06-01', '2018-05-31', 1, '2018-08-10 20:06:09', '2018-08-10 09:02:44');

-- --------------------------------------------------------

--
-- Table structure for table `setting`
--

CREATE TABLE `setting` (
  `system_id` int(10) NOT NULL,
  `system_name` longtext NOT NULL,
  `system_title` longtext NOT NULL,
  `email` varchar(100) NOT NULL,
  `phone` varchar(50) NOT NULL,
  `address` varchar(200) NOT NULL,
  `currency` varchar(50) NOT NULL COMMENT 'bdt',
  `language` varchar(50) NOT NULL,
  `board` varchar(200) NOT NULL,
  `district` varchar(200) NOT NULL,
  `city` varchar(200) NOT NULL,
  `ins_code` varchar(200) NOT NULL,
  `logo` varchar(255) CHARACTER SET utf8mb4 NOT NULL,
  `status` int(2) NOT NULL DEFAULT '1' COMMENT '0=enable;1=disable;',
  `session_id` int(11) NOT NULL DEFAULT '0',
  `created_at` datetime NOT NULL DEFAULT CURRENT_TIMESTAMP,
  `updated_at` datetime NOT NULL DEFAULT CURRENT_TIMESTAMP
) ENGINE=MyISAM DEFAULT CHARSET=utf8 ROW_FORMAT=COMPACT;

--
-- Dumping data for table `setting`
--

INSERT INTO `setting` (`system_id`, `system_name`, `system_title`, `email`, `phone`, `address`, `currency`, `language`, `board`, `district`, `city`, `ins_code`, `logo`, `status`, `session_id`, `created_at`, `updated_at`) VALUES
(1, 'নুরুল উলুম মাদরাসা', 'নুরুল উলুম মাদরাসা ম্যানেজমেন্ট সিস্টেম', 'yasirarafat1995@gmail.com', '01720575459', 'ঢাকা, বাংলাদেশ', 'BDT', 'bangla', 'Madrasah', 'Dhaka', 'Dhaka', '3423', 'logo.jpg', 1, 1, '2018-08-10 21:59:20', '2018-08-10 09:55:58');

-- --------------------------------------------------------

--
-- Table structure for table `staff_attendance`
--

CREATE TABLE `staff_attendance` (
  `attendance_id` int(11) NOT NULL,
  `teacher_id` int(11) DEFAULT NULL,
  `login_time` datetime NOT NULL,
  `status` int(2) NOT NULL DEFAULT '1' COMMENT '0=enable;1=disable;',
  `session_id` int(11) NOT NULL DEFAULT '0',
  `created_at` datetime NOT NULL DEFAULT CURRENT_TIMESTAMP,
  `updated_at` datetime NOT NULL DEFAULT CURRENT_TIMESTAMP
) ENGINE=InnoDB DEFAULT CHARSET=utf8 ROW_FORMAT=DYNAMIC;

--
-- Dumping data for table `staff_attendance`
--

INSERT INTO `staff_attendance` (`attendance_id`, `teacher_id`, `login_time`, `status`, `session_id`, `created_at`, `updated_at`) VALUES
(1, 2, '2018-08-12 12:11:07', 1, 1, '2018-08-12 16:11:07', '2018-08-12 16:11:07'),
(2, 3, '2018-08-12 12:24:25', 1, 1, '2018-08-12 16:24:25', '2018-08-12 16:24:25'),
(3, 2, '2018-09-01 22:37:33', 1, 1, '2018-09-02 02:37:33', '2018-09-02 02:37:33'),
(4, 10, '2018-09-01 22:39:13', 1, 1, '2018-09-02 02:39:13', '2018-09-02 02:39:13'),
(5, 2, '2018-09-02 21:43:21', 1, 1, '2018-09-03 01:43:21', '2018-09-03 01:43:21'),
(6, 11, '2018-09-02 21:45:05', 1, 1, '2018-09-03 01:45:05', '2018-09-03 01:45:05');

-- --------------------------------------------------------

--
-- Table structure for table `staff_payment`
--

CREATE TABLE `staff_payment` (
  `payment_id` int(11) NOT NULL,
  `staff_id` int(11) DEFAULT NULL,
  `basic` int(11) NOT NULL,
  `dearness` int(11) NOT NULL,
  `house_rent` int(11) NOT NULL,
  `medical` int(11) NOT NULL,
  `bonus` int(11) NOT NULL,
  `other_addition` int(11) NOT NULL,
  `pf` int(11) NOT NULL,
  `pro_tax` int(11) NOT NULL,
  `fine` int(11) NOT NULL,
  `other_deduction` int(11) NOT NULL,
  `paid_date` date NOT NULL,
  `payable_amount` int(11) NOT NULL,
  `paid_amount` int(11) NOT NULL DEFAULT '0',
  `status` int(11) NOT NULL,
  `payment_month` int(11) DEFAULT NULL,
  `payment_type` int(11) NOT NULL,
  `remark` text CHARACTER SET utf8 COLLATE utf8_unicode_ci,
  `session_id` int(11) NOT NULL DEFAULT '0',
  `created_at` datetime NOT NULL DEFAULT CURRENT_TIMESTAMP,
  `updated_at` datetime NOT NULL DEFAULT CURRENT_TIMESTAMP
) ENGINE=MyISAM DEFAULT CHARSET=utf8 ROW_FORMAT=DYNAMIC;

--
-- Dumping data for table `staff_payment`
--

INSERT INTO `staff_payment` (`payment_id`, `staff_id`, `basic`, `dearness`, `house_rent`, `medical`, `bonus`, `other_addition`, `pf`, `pro_tax`, `fine`, `other_deduction`, `paid_date`, `payable_amount`, `paid_amount`, `status`, `payment_month`, `payment_type`, `remark`, `session_id`, `created_at`, `updated_at`) VALUES
(1, 2, 8000, 200, 200, 200, 5000, 100, 300, 150, 200, 50, '2018-02-06', 13000, 13000, 0, 7, 121, '', 0, '2018-08-10 22:02:17', '2018-08-10 22:02:17'),
(2, 2, 8000, 200, 200, 200, 5000, 100, 300, 150, 300, 50, '2018-02-08', 12900, 12900, 0, 2, 121, '', 0, '2018-08-10 22:02:17', '2018-08-10 22:02:17'),
(3, 1, 5000, 400, 50, 50, 400, 100, 500, 100, 50, 50, '2018-02-13', 5300, 5300, 0, 7, 121, '', 0, '2018-08-10 22:02:17', '2018-08-10 22:02:17');

-- --------------------------------------------------------

--
-- Table structure for table `staff_salary_structure`
--

CREATE TABLE `staff_salary_structure` (
  `salary_structure_id` int(11) NOT NULL,
  `staff_id` int(11) NOT NULL DEFAULT '0',
  `basic_allowance` int(11) NOT NULL DEFAULT '0',
  `dearness_allowance` int(11) NOT NULL DEFAULT '0',
  `medical_allowance` int(11) NOT NULL DEFAULT '0',
  `house_rent_allowance` int(11) NOT NULL DEFAULT '0',
  `bonus_allowance` int(11) NOT NULL DEFAULT '0',
  `other_addition_allowance` int(11) NOT NULL DEFAULT '0',
  `p_fund_deduction` int(11) NOT NULL DEFAULT '0',
  `pro_tax_deduction` int(11) NOT NULL DEFAULT '0',
  `loan_deduction` int(11) NOT NULL DEFAULT '0',
  `prequisite_deduction` int(11) NOT NULL DEFAULT '0',
  `other_deduction` int(11) NOT NULL DEFAULT '0',
  `status` int(2) NOT NULL DEFAULT '1' COMMENT '0=enable;1=disable;',
  `session_id` int(11) NOT NULL DEFAULT '0',
  `created_at` datetime NOT NULL DEFAULT CURRENT_TIMESTAMP,
  `updated_at` datetime NOT NULL DEFAULT CURRENT_TIMESTAMP
) ENGINE=MyISAM DEFAULT CHARSET=utf8;

--
-- Dumping data for table `staff_salary_structure`
--

INSERT INTO `staff_salary_structure` (`salary_structure_id`, `staff_id`, `basic_allowance`, `dearness_allowance`, `medical_allowance`, `house_rent_allowance`, `bonus_allowance`, `other_addition_allowance`, `p_fund_deduction`, `pro_tax_deduction`, `loan_deduction`, `prequisite_deduction`, `other_deduction`, `status`, `session_id`, `created_at`, `updated_at`) VALUES
(2, 1, 5000, 0, 0, 0, 0, 0, 0, 0, 0, 0, 0, 1, 0, '2018-08-10 22:02:56', '2018-08-10 22:02:56'),
(3, 2, 6000, 600, 900, 768, 200, 800, 690, 70, 0, 0, 1500, 1, 0, '2018-08-10 22:02:56', '2018-08-10 22:02:56');

-- --------------------------------------------------------

--
-- Table structure for table `student`
--

CREATE TABLE `student` (
  `student_id` int(11) NOT NULL,
  `name_english` longtext COLLATE utf8_unicode_ci NOT NULL,
  `birthday` longtext COLLATE utf8_unicode_ci NOT NULL,
  `gender` longtext COLLATE utf8_unicode_ci NOT NULL,
  `religion` longtext COLLATE utf8_unicode_ci,
  `blood` longtext COLLATE utf8_unicode_ci NOT NULL,
  `present_address` longtext COLLATE utf8_unicode_ci NOT NULL,
  `phone` longtext COLLATE utf8_unicode_ci NOT NULL,
  `email` longtext COLLATE utf8_unicode_ci NOT NULL,
  `password` longtext COLLATE utf8_unicode_ci NOT NULL,
  `father_name` longtext COLLATE utf8_unicode_ci NOT NULL,
  `mother_name` longtext COLLATE utf8_unicode_ci NOT NULL,
  `class_id` longtext COLLATE utf8_unicode_ci NOT NULL,
  `section_id` int(11) NOT NULL DEFAULT '0',
  `parent_id` int(11) NOT NULL DEFAULT '0',
  `roll` longtext COLLATE utf8_unicode_ci NOT NULL,
  `transport_id` int(11) NOT NULL DEFAULT '0',
  `dormitory_id` int(11) NOT NULL DEFAULT '0',
  `dormitory_room_number` longtext COLLATE utf8_unicode_ci,
  `authentication_key` longtext COLLATE utf8_unicode_ci,
  `photo` varchar(100) COLLATE utf8_unicode_ci DEFAULT NULL,
  `addmission_date` varchar(100) COLLATE utf8_unicode_ci DEFAULT NULL,
  `responsible_teacher` varchar(200) COLLATE utf8_unicode_ci DEFAULT NULL,
  `name_bangla` varchar(200) COLLATE utf8_unicode_ci DEFAULT NULL,
  `nid` varchar(200) COLLATE utf8_unicode_ci DEFAULT NULL,
  `permanent_address` varchar(250) COLLATE utf8_unicode_ci DEFAULT NULL,
  `birth_registration` varchar(200) COLLATE utf8_unicode_ci DEFAULT NULL,
  `session_id` int(11) NOT NULL,
  `status` int(2) NOT NULL DEFAULT '1' COMMENT '0=enable;1=disable;',
  `promote` tinyint(2) NOT NULL DEFAULT '0' COMMENT '1=promoted,0=not promoted',
  `created_at` datetime NOT NULL DEFAULT CURRENT_TIMESTAMP,
  `updated_at` datetime NOT NULL DEFAULT CURRENT_TIMESTAMP
) ENGINE=InnoDB DEFAULT CHARSET=utf8 COLLATE=utf8_unicode_ci;

--
-- Dumping data for table `student`
--

INSERT INTO `student` (`student_id`, `name_english`, `birthday`, `gender`, `religion`, `blood`, `present_address`, `phone`, `email`, `password`, `father_name`, `mother_name`, `class_id`, `section_id`, `parent_id`, `roll`, `transport_id`, `dormitory_id`, `dormitory_room_number`, `authentication_key`, `photo`, `addmission_date`, `responsible_teacher`, `name_bangla`, `nid`, `permanent_address`, `birth_registration`, `session_id`, `status`, `promote`, `created_at`, `updated_at`) VALUES
(1, 'মোঃ তামিম খান', '', 'male', '', '', 'দক্ষিণ দোপখালী,দক্ষিণ দোপখালী,বেতাগী,বরগুনা', '০১৬২২-২২১৫১৫', '#', '#', 'মোঃ জাকির হোসাইন খান', '#', '15', 14, 1, 'ক-১', 0, 0, '', '', 'image/student/photo_মোঃ_তামিম_খানক-১.png', '', 'শিক্ষক নির্বাচন করুন', 'মোঃ তামিম খান', '#', 'দক্ষিণ দোপখালী,দক্ষিণ দোপখালী,বেতাগী,বরগুনা', '#', 1, 1, 0, '2018-08-10 22:04:45', '2018-08-10 22:04:45'),
(2, 'মোঃ রেদোয়ান ইসলাম', '', 'male', '', '', 'দক্ষিণ চেঁচরী,কৈখালী বাজার,কাঠালিয়া,ঝালকাঠী', '০১৭২১-৩০৭২২৭', '#', '@', 'মোঃ ওমর ফারুক', '#', '15', 14, 3, 'ক-২', 0, 0, '', '', 'image/student/photo_মোঃ_রেদোয়ান_ইসলামক-২.', '', 'শিক্ষক নির্বাচন করুন', 'মোঃ রেদোয়ান ইসলাম', '#', 'দক্ষিণ চেঁচরী,কৈখালী বাজার,কাঠালিয়া,ঝালকাঠী', '#', 1, 1, 0, '2018-08-10 22:04:45', '2018-08-10 22:04:45'),
(3, 'মোঃ ইমরান হোসাইন (সৈকত)', '', 'male', '', '', 'গঙ্গাপুর,হরিনাথপুর,মুলদী,বরিশাল', '০১৬৮২- ৪৫২২৪১', '', '', 'মোঃ সাইদুল হাসান', '', '15', 14, 4, 'ক-৩', 0, 0, '', '', 'image/student/photo_মোঃ_ইমরান_হোসাইন_(সৈকত)ক-৩.', '', 'শিক্ষক নির্বাচন করুন', 'মোঃ ইমরান হোসাইন (সৈকত)', '', 'গঙ্গাপুর,হরিনাথপুর,মুলদী,বরিশাল', '', 1, 1, 0, '2018-08-10 22:04:45', '2018-08-10 22:04:45'),
(4, 'মোঃ জুনাইদ হোসেন', '', 'male', '', '', 'কালিকাবাড়ী,	কালিকাবাড়ী,	বেতাগী,বরগুনা', '০১৭৩৯- ৯৩১০৫৪', '', '', 'মোঃ জাকির হোসেন', '', '15', 14, 5, 'ক-৪', 0, 0, '', '', 'image/student/photo_মোঃ_জুনাইদ_হোসেনক-৪.', '', 'শিক্ষক নির্বাচন করুন', 'মোঃ জুনাইদ হোসেন', '', 'কালিকাবাড়ী,	কালিকাবাড়ী,	বেতাগী,বরগুনা', '', 1, 1, 0, '2018-08-10 22:04:45', '2018-08-10 22:04:45'),
(5, 'মোঃ সাব্বির হোসেন', '', 'male', '', '', 'মিজগ্রাম,মুন্সিগঞ্জ,কমননগর,লক্ষিপুর', '০১৮৩০-৫৮০৬৪০', '', '', 'মোঃ কামাল হোসেন', '', '15', 14, 6, 'ক-৫', 0, 0, '', '', 'image/student/photo_মোঃ_সাব্বির_হোসেনক-৫.', '', 'শিক্ষক নির্বাচন করুন', 'মোঃ সাব্বির হোসেন', '', 'মিজগ্রাম,মুন্সিগঞ্জ,কমননগর,লক্ষিপুর', '', 1, 1, 0, '2018-08-10 22:04:45', '2018-08-10 22:04:45'),
(6, 'মোঃ শরিফুল ইসলাম', '', 'male', '', '', 'চরদূর্গাপুর,হিজলা,মেমানিয়া,বরিশাল', '০১৭৪১-৪০৪৭৫৩', '', '', 'মোঃ অলিউদ্দীন', '', '15', 14, 7, 'ক-৬', 0, 0, '', '', 'image/student/photo_মোঃ_শরিফুল_ইসলামক-৬.', '', 'শিক্ষক নির্বাচন করুন', 'মোঃ শরিফুল ইসলাম', '', 'চরদূর্গাপুর,হিজলা,মেমানিয়া,বরিশাল', '', 1, 1, 0, '2018-08-10 22:04:45', '2018-08-10 22:04:45'),
(7, 'মোঃ রেদওয়ান মাহমুদ', '', 'male', '', '', '৪২৯/১বি,দক্ষিণ পাইকপাড়া,মিরপুর,ঢাকা', '০১৯১৮-৫১৫৬৩৭', '', '', 'মোঃ মোজাম্মেল হক', '', '15', 14, 8, 'ক-৭', 0, 0, '', '', 'image/student/photo_মোঃ_রেদওয়ান_মাহমুদক-৭.', '', 'শিক্ষক নির্বাচন করুন', 'মোঃ রেদওয়ান মাহমুদ', '', '৪২৯/১বি,দক্ষিণ পাইকপাড়া,মিরপুর,ঢাকা', '', 1, 1, 0, '2018-08-10 22:04:45', '2018-08-10 22:04:45'),
(8, 'মোঃ সাজিদুল হক রুহান', '', 'male', '', '', 'দক্ষিণ ভান্ডারখোলা,আটজুড়ী,মোল্লাহাট,বাগেরহাট', '০১৭৬০-১১২১৬৯', '', '', 'মোঃ মাসউদুর রহমান', '', '15', 14, 9, 'ক-৮', 0, 0, '', '', 'image/student/photo_মোঃ_সাজিদুল_হক_রুহানক-৮.', '', 'শিক্ষক নির্বাচন করুন', 'মোঃ সাজিদুল হক রুহান', '', 'দক্ষিণ ভান্ডারখোলা,আটজুড়ী,মোল্লাহাট,বাগেরহাট', '', 1, 1, 0, '2018-08-10 22:04:45', '2018-08-10 22:04:45'),
(9, 'শেখ মোঃ আসিম ইয়াফি', '', 'male', '', '', 'রামদামের বাগ,দায়চারা,ফরিদগঞ্জ,চাঁদপুর', '০১৬৭৫-৬৪০১৯৩', '', '', 'শেখ মোঃ ইয়াকুব আলী', '', '15', 14, 10, 'ক-৯', 0, 0, '', '', 'image/student/photo_শেখ_মোঃ_আসিম_ইয়াফিক-৯.', '', 'শিক্ষক নির্বাচন করুন', 'শেখ মোঃ আসিম ইয়াফি', '', 'রামদামের বাগ,দায়চারা,ফরিদগঞ্জ,চাঁদপুর', '', 1, 1, 0, '2018-08-10 22:04:45', '2018-08-10 22:04:45'),
(10, 'মোঃ রুমান', '', 'male', '', '', 'চরসামাইয়া ৯নংওয়ার্ড,খেয়া ঘাট ভোলা,ভোলা সদর,ভোলা', '০১৭২৭-৭৭০৩৭৮', '', '', 'মোঃ ইউনুছ', '', '15', 14, 11, 'ক-১০', 0, 0, '', '', 'image/student/photo_মোঃ_রুমানক-১০.', '', 'শিক্ষক নির্বাচন করুন', 'মোঃ রুমান', '', 'চরসামাইয়া ৯নংওয়ার্ড,খেয়া ঘাট ভোলা,ভোলা সদর,ভোলা', '', 1, 1, 0, '2018-08-10 22:04:45', '2018-08-10 22:04:45'),
(11, 'মোহাম্মাদ', '', 'male', '', '', 'ক্ষুদ্রকাধী,কলমবাধী,বাকেরগঞ্জ,বরিশাল', '০১৬৮৩-৯৬০০২১', '', '', 'মোঃ আখতার ফারুক', '', '15', 14, 12, 'ক-১১', 0, 0, '', '', 'image/student/photo_মোহাম্মাদক-১১.', '', 'শিক্ষক নির্বাচন করুন', 'মোহাম্মাদ', '', 'ক্ষুদ্রকাধী,কলমবাধী,বাকেরগঞ্জ,বরিশাল', '', 1, 1, 0, '2018-08-10 22:04:45', '2018-08-10 22:04:45'),
(12, 'মোঃ যুবায়ের আহমাদ', '', 'male', '', '', 'চয়লাপাং,চয়লাপাং,নবীনগর,বিবাড়িয়া', '০১৯১৩-২৭২২৬৭', '', '', 'মোঃ কাউসার আহমাদ', '', '15', 14, 13, 'ক-১২', 0, 0, '', '', 'image/student/photo_মোঃ_যুবায়ের_আহমাদক-১২.', '', 'শিক্ষক নির্বাচন করুন', 'মোঃ যুবায়ের আহমাদ', '', 'চয়লাপাং,চয়লাপাং,নবীনগর,বিবাড়িয়া', '', 1, 1, 0, '2018-08-10 22:04:45', '2018-08-10 22:04:45'),
(13, 'মোঃ আরাফাত', '', 'male', '', '', 'ভোঙ্গ,কাদিরাবাদ,হিজলা,বরিশাল', '০১৯১৭-০১৫২৩০', '', '', 'মোঃ আনোয়ার মোল্লা', '', '15', 14, 14, 'ক-১৫', 0, 0, '', '', 'image/student/photo_মোঃ_আরাফাতক-১৫.', '', 'শিক্ষক নির্বাচন করুন', 'মোঃ আরাফাত', '', 'ভোঙ্গ,কাদিরাবাদ,হিজলা,বরিশাল', '', 1, 1, 0, '2018-08-10 22:04:45', '2018-08-10 22:04:45'),
(14, 'মো আবু ইউসুফ', '', 'male', '', '', 'চর দূর্গাপুর,টেগেরহাট,হিজলা,বরিশাল', '০১৭২৫-৪১৪৮১৭', '', '', 'মোঃ নাসির উদ্দীন', '', '15', 14, 15, 'ক-১৬', 0, 0, '', '', 'image/student/photo_মো_আবু_ইউসুফক-১৬.', '', 'শিক্ষক নির্বাচন করুন', 'মো আবু ইউসুফ', '', 'চর দূর্গাপুর,টেগেরহাট,হিজলা,বরিশাল', '', 1, 1, 0, '2018-08-10 22:04:45', '2018-08-10 22:04:45'),
(15, 'মোঃ তামিম ইকবাল চৌধুরী', '', 'male', '', '', 'শুনুই দশ বাকিয়া,শুনুই বড়বাড়ী,আটপাড়া,নেত্রকোনা', '০১৯৪৩-৭২৭৫০৬', '', '', 'মোঃ তোফায়েল আহমেদ', '', '15', 14, 16, 'ক-১৭', 0, 0, '', '', 'image/student/photo_মোঃ_তামিম_ইকবাল_চৌধুরীক-১৭.', '', 'শিক্ষক নির্বাচন করুন', 'মোঃ তামিম ইকবাল চৌধুরী', '', 'শুনুই দশ বাকিয়া,শুনুই বড়বাড়ী,আটপাড়া,নেত্রকোনা', '', 1, 1, 0, '2018-08-10 22:04:45', '2018-08-10 22:04:45'),
(16, 'মোঃ হুজাইফা', '', 'male', '', '', 'শিরিকলকাটি,ঈশ^রীপুর,শ্যামনগর,সাতক্ষিরা', '০১৯৫২-৯৯২৬১২', '', '', 'মোঃ হাফিজুর রহমান', '', '15', 14, 17, 'ক-১৮', 0, 0, '', '', '', '', 'শিক্ষক নির্বাচন করুন', 'মোঃ হুজাইফা', '', 'শিরিকলকাটি,ঈশ^রীপুর,শ্যামনগর,সাতক্ষিরা', '', 1, 1, 0, '2018-08-10 22:04:45', '2018-08-10 22:04:45'),
(17, 'মোঃ জুনায়েদ ইমতিয়াজ', '', 'male', '', '', '৪৩১/২,দক্ষিণ পাইক পাড়া,মিরপুর,ঢাকা', '০১৭৭৭-৬৮৬৯১৪', '', '', 'মোঃ জসিম উদ্দীন', '', '15', 14, 18, 'ক-১৯', 0, 0, '', '', '', '', 'শিক্ষক নির্বাচন করুন', 'মোঃ জুনায়েদ ইমতিয়াজ', '', '৪৩১/২,দক্ষিণ পাইক পাড়া,মিরপুর,ঢাকা', '', 1, 1, 0, '2018-08-10 22:04:45', '2018-08-10 22:04:45'),
(18, 'মোঃ আব্দুল্লাহ', '', 'male', '', '', 'গোবিন্দপুর,কাশেমাবাদ,হাজীগঞ্জ,চাদপুর', '০১৭২৮-৮৮২৬৪৬', '', '', 'মোঃ শাহজালাল', '', '15', 14, 19, 'ক-২০', 0, 0, '', '', '', '', 'শিক্ষক নির্বাচন করুন', 'মোঃ আব্দুল্লাহ', '', 'গোবিন্দপুর,কাশেমাবাদ,হাজীগঞ্জ,চাদপুর', '', 1, 1, 0, '2018-08-10 22:04:45', '2018-08-10 22:04:45'),
(19, 'মোঃ ইয়াসিন আরাফাত', '', 'male', '', '', 'চন্ডিপুর,খোসালখালী,শ্যামনগর,সাতক্ষিরা', '০১৯২০-৩৭৩২৭৩', '', '', 'মোঃ জমাত আলী গাজী', '', '15', 14, 20, 'ক-২১', 0, 0, '', '', '', '', 'শিক্ষক নির্বাচন করুন', 'মোঃ ইয়াসিন আরাফাত', '', 'চন্ডিপুর,খোসালখালী,শ্যামনগর,সাতক্ষিরা', '', 1, 1, 0, '2018-08-10 22:04:45', '2018-08-10 22:04:45'),
(20, 'মোঃ তুহিন ইসলাম মামুন', '', 'male', '', '', 'মুন্সিগঞ্জ,জেলেখালী,শ্যামনগর,সাতক্ষিরা', '০১৯২৯-১৭৯০৮৮', '', '', 'মোঃ মিজানুর রহমান কাগজী', '', '15', 14, 21, 'ক-২২', 0, 0, '', '', '', '', 'শিক্ষক নির্বাচন করুন', 'মোঃ তুহিন ইসলাম মামুন', '', 'মুন্সিগঞ্জ,জেলেখালী,শ্যামনগর,সাতক্ষিরা', '', 1, 1, 0, '2018-08-10 22:04:45', '2018-08-10 22:04:45'),
(21, 'মোঃ হিলালুদ্দিন মাহদি', '', 'male', '', '', 'তারাজুল,দুপচাচিয়া,দুপচাচিয়া,বগুড়া', '০১৯৬৩-৭৬৬০১৯', '', '', 'মোঃ মাহবুবুল হাসান', '', '15', 14, 22, 'ক-২৩', 0, 0, '', '', '', '', 'শিক্ষক নির্বাচন করুন', 'মোঃ হিলালুদ্দিন মাহদি', '', 'তারাজুল,দুপচাচিয়া,দুপচাচিয়া,বগুড়া', '', 1, 1, 0, '2018-08-10 22:04:45', '2018-08-10 22:04:45'),
(22, 'মোঃ মোখলেছুর রহমান (সিয়াম)', '', 'male', '', '', '১৪১/১-টি-১২,দ্ক্ষীণ পীরেরবাগ,মিরপুর,ঢাকা', '০১৭৩৩-৮৯২৪৭৭', '', '', 'মোঃ শাহজাহান', '', '15', 14, 23, 'ক-২৪', 0, 0, '', '', '', '', 'শিক্ষক নির্বাচন করুন', 'মোঃ মোখলেছুর রহমান (সিয়াম)', '', '১৪১/১-টি-১২,দ্ক্ষীণ পীরেরবাগ,মিরপুর,ঢাকা', '', 1, 1, 0, '2018-08-10 22:04:45', '2018-08-10 22:04:45'),
(23, 'মোঃ মুমিনুর রহমান (বেলাল)', '', 'male', '', '', 'কালন্দা,হলদীবাড়ীহাট,বালিয়াভাঙ্গী,ঠাকুরগাঁও', '০১৯৬৫-৯৭৯২৯১', '', '', 'মোঃ দারুল ইসলাম', '', '15', 14, 24, 'ক-২৫', 0, 0, '', '', '', '', 'শিক্ষক নির্বাচন করুন', 'মোঃ মুমিনুর রহমান (বেলাল)', '', 'কালন্দা,হলদীবাড়ীহাট,বালিয়াভাঙ্গী,ঠাকুরগাঁও', '', 1, 1, 0, '2018-08-10 22:04:45', '2018-08-10 22:04:45'),
(24, 'মোঃ হুমায়ুন কবীর', '', 'male', '', '', '৩০৬/এফ ঝীলপাড়,মধ্য পীরেরবাগ,মিরপুর,ঢাকা', '০১৭১১-৯৪৬৯৫৯', '', '', 'মোঃ সুমন ইসলাম', '', '15', 14, 25, 'ক-২৬', 0, 0, '', '', '', '', 'শিক্ষক নির্বাচন করুন', 'মোঃ হুমায়ুন কবীর', '', '৩০৬/এফ ঝীলপাড়,মধ্য পীরেরবাগ,মিরপুর,ঢাকা', '', 1, 1, 0, '2018-08-10 22:04:45', '2018-08-10 22:04:45'),
(25, 'মোঃ আফজাল  হোসেন', '', 'male', '', '', 'মরিচালি,ডৌহাখলা,গৌরীপুর,মোমেনশাহী', '০১৯৮৯-০২১৪১৫', '', '', 'মোঃ রুবেল', '', '15', 14, 26, 'ক-২৭', 0, 0, '', '', '', '', 'শিক্ষক নির্বাচন করুন', 'মোঃ আফজাল  হোসেন', '', 'মরিচালি,ডৌহাখলা,গৌরীপুর,মোমেনশাহী', '', 1, 1, 0, '2018-08-10 22:04:45', '2018-08-10 22:04:45'),
(26, 'মোঃ নাইমুল ইসলাম', '', 'male', '', '', 'পশ্চিম মুকুন্দসার,মেনাপুর বাজার,হাজিগঞ্জ,চাঁদপুর', '০১৮১১-৪১১৯৫২', '', '', 'মোঃ ফয়েজ মিয়া', '', '15', 14, 27, 'ক-২৮', 0, 0, '', '', '', '', 'শিক্ষক নির্বাচন করুন', 'মোঃ নাইমুল ইসলাম', '', 'পশ্চিম মুকুন্দসার,মেনাপুর বাজার,হাজিগঞ্জ,চাঁদপুর', '', 1, 1, 0, '2018-08-10 22:04:45', '2018-08-10 22:04:45'),
(27, 'মোঃ মাহিম', '', 'male', '', '', 'কাচিহারা,গংগাপাড়া,ইসলামপুর,জামালপুর', '০১৬৩৬-৩৫০৩৪৯', '', '', 'মোঃ মনজু ফকির', '', '15', 14, 28, 'ক-২৯', 0, 0, '', '', '', '', 'শিক্ষক নির্বাচন করুন', 'মোঃ মাহিম', '', 'কাচিহারা,গংগাপাড়া,ইসলামপুর,জামালপুর', '', 1, 1, 0, '2018-08-10 22:04:45', '2018-08-10 22:04:45'),
(28, 'মোঃ সালমান ফারসি', '', 'male', '', '', 'দুর্বাডাঙ্গা,জাজিরা,জাজিরা,শরীয়তপুর', '০১৬২৫-৬৬৮৭৮৬', '', '', 'মোঃ গিয়াস উদ্দীন', '', '15', 14, 29, 'ক-৩১', 0, 0, '', '', '', '', 'শিক্ষক নির্বাচন করুন', 'মোঃ সালমান ফারসি', '', 'দুর্বাডাঙ্গা,জাজিরা,জাজিরা,শরীয়তপুর', '', 1, 1, 0, '2018-08-10 22:04:45', '2018-08-10 22:04:45'),
(29, 'মোঃ ফাহাদ হোসাইন', '', 'male', '', '', 'সাদেরকিল,রামগঞ্জ,লক্ষীপুর,লক্ষীপুর', '০১৯১৭-০৯৭৯৭০', '', '', 'মোঃ মানিক মিয়া', '', '14', 13, 30, 'খ-১', 0, 0, '', '', '', '', 'শিক্ষক নির্বাচন করুন', 'মোঃ ফাহাদ হোসাইন', '', 'সাদেরকিল,রামগঞ্জ,লক্ষীপুর,লক্ষীপুর', '', 1, 1, 0, '2018-08-10 22:04:45', '2018-08-10 22:04:45'),
(30, 'মোঃ রিফাত (আবু তলহা)', '', 'male', '', '', 'চর দুর্গাপুর,টেগেরহাট,হিজলা,বরিশাল', '০১৭৫৮-১০৫৪০০', '', '', 'মোঃ রফিকুল ইসলাম', '', '14', 13, 31, 'খ-২', 0, 0, '', '', '', '', 'শিক্ষক নির্বাচন করুন', 'মোঃ রিফাত (আবু তলহা)', '', 'চর দুর্গাপুর,টেগেরহাট,হিজলা,বরিশাল', '', 1, 1, 0, '2018-08-10 22:04:45', '2018-08-10 22:04:45'),
(31, 'মোঃ আহসানুল্লাহ', '', 'male', '', '', 'তারাটি মধ্য পাড়া,তারাটি ফকিরগঞ্জ,বাজার মুক্তাগাছা,মোমেনশাহী', '০১৯১৬-৩৫৯৯৯৫', '', '', 'মোঃ তোফাজ্জল হোসেন', '', '14', 13, 32, 'খ-৪', 0, 0, '', '', '', '', 'শিক্ষক নির্বাচন করুন', 'মোঃ আহসানুল্লাহ', '', 'তারাটি মধ্য পাড়া,তারাটি ফকিরগঞ্জ,বাজার মুক্তাগাছা,মোমেনশাহী', '', 1, 1, 0, '2018-08-10 22:04:45', '2018-08-10 22:04:45'),
(32, 'মোঃ নূর ইসলাম', '', 'male', '', '', 'বাগমারা,বাহাদুরপুর,পাংসা,রাজবাড়ি', '০১৭২৪-৬৬১২২৬', '', '', 'মোঃ রফিকুল ইসলাম', '', '14', 13, 33, 'খ-৫', 0, 0, '', '', '', '', 'শিক্ষক নির্বাচন করুন', 'মোঃ নূর ইসলাম', '', 'বাগমারা,বাহাদুরপুর,পাংসা,রাজবাড়ি', '', 1, 1, 0, '2018-08-10 22:04:45', '2018-08-10 22:04:45'),
(33, 'মোঃ নাদীম মাহমুদ', '', 'male', '', '', '৪২৯/১বি,দক্ষিণ পাইকপাড়া,মিরপুর,ঢাকা', '০১৯১৮-৫১৫৬৩৭', '', '', 'মোঃ মোজাম্মেল হক', '', '14', 13, 8, 'খ-৬', 0, 0, '', '', '', '', 'শিক্ষক নির্বাচন করুন', 'মোঃ নাদীম মাহমুদ', '', '৪২৯/১বি,দক্ষিণ পাইকপাড়া,মিরপুর,ঢাকা', '', 1, 1, 0, '2018-08-10 22:04:45', '2018-08-10 22:04:45'),
(34, 'মোঃ আব্দুল্লাহ আল মুহুসী', '', 'male', '', '', 'সেজিয়া,সেজিয়া বাজার,মহেশপুর,ঝিনাইদাহ', '০১৯৭২-৬০৪৩৭৪', '', '', 'মোঃ জয়নাল আবেদীন', '', '14', 13, 34, 'খ-৭', 0, 0, '', '', '', '', 'শিক্ষক নির্বাচন করুন', 'মোঃ আব্দুল্লাহ আল মুহুসী', '', 'সেজিয়া,সেজিয়া বাজার,মহেশপুর,ঝিনাইদাহ', '', 1, 1, 0, '2018-08-10 22:04:45', '2018-08-10 22:04:45'),
(35, 'মোঃ কাওছার ফকির', '', 'male', '', '', 'হষ্টিক্ষোন্ড,হষ্টিক্ষোন্ড,উজিরপুর,বরিশাল', '০১৭৩৭-৫৪৬০৩৭', '', '', 'মোঃ হাবিবুর রহমান', '', '14', 13, 35, 'খ-৮', 0, 0, '', '', '', '', 'শিক্ষক নির্বাচন করুন', 'মোঃ কাওছার ফকির', '', 'হষ্টিক্ষোন্ড,হষ্টিক্ষোন্ড,উজিরপুর,বরিশাল', '', 1, 1, 0, '2018-08-10 22:04:45', '2018-08-10 22:04:45'),
(36, 'মোঃ হাসমত আলী', '', 'male', '', '', 'চর সাতদ বাড়ীয়া,চর সাতদ বাড়ীয়া,উল্লাপাড়া,সিরাজগঞ্জ', '০১৭৪৭-৪০৬৫৬৪', '', '', 'মোঃ ইব্রাহীম হোসেন', '', '14', 13, 36, 'খ-৯', 0, 0, '', '', '', '', 'শিক্ষক নির্বাচন করুন', 'মোঃ হাসমত আলী', '', 'চর সাতদ বাড়ীয়া,চর সাতদ বাড়ীয়া,উল্লাপাড়া,সিরাজগঞ্জ', '', 1, 1, 0, '2018-08-10 22:04:45', '2018-08-10 22:04:45'),
(37, 'মোঃ আল আমিন', '', 'male', '', '', 'বেকড়া,বেকড়া,নাগরপুর,টাঙ্গাইল', '০১৭৪৮-৯২৯৬৮৫', '', '', 'মোঃ আবু তালেব', '', '14', 13, 37, 'খ-১০', 0, 0, '', '', '', '', 'শিক্ষক নির্বাচন করুন', 'মোঃ আল আমিন', '', 'বেকড়া,বেকড়া,নাগরপুর,টাঙ্গাইল', '', 1, 1, 0, '2018-08-10 22:04:45', '2018-08-10 22:04:45'),
(38, 'মোঃ আবু বকর সিদ্দীক', '', 'male', '', '', 'হোসেনপুর,মালের বাড়ী,কচুয়া,চাঁদপুর', '০১৮১১-১৩৯৭২১', '', '', 'মোঃ আব্দুল হাই', '', '14', 13, 38, 'খ-১৩', 0, 0, '', '', '', '', 'শিক্ষক নির্বাচন করুন', 'মোঃ আবু বকর সিদ্দীক', '', 'হোসেনপুর,মালের বাড়ী,কচুয়া,চাঁদপুর', '', 1, 1, 0, '2018-08-10 22:04:45', '2018-08-10 22:04:45'),
(39, 'মোঃ ছালমান', '', 'male', '', '', 'মুিন্সগঞ্জ,জেলেখালী,শ্যামনগর,সাতক্ষীরা', '০১৯১৭-৭৯০১৬১', '', '', 'কে, এম, শাহিনুর আলম', '', '14', 13, 39, 'খ-১৪', 0, 0, '', '', '', '', 'শিক্ষক নির্বাচন করুন', 'মোঃ ছালমান', '', 'মুিন্সগঞ্জ,জেলেখালী,শ্যামনগর,সাতক্ষীরা', '', 1, 1, 0, '2018-08-10 22:04:45', '2018-08-10 22:04:45'),
(40, 'মোঃ আব্দুর রহমান মাহাবী', '', 'male', '', '', 'দ্ক্ষীণ পীরেরবাগ,মিরপুর,মিরপুর,ঢাকা', '০১৬২৭-৪০৯৩৩৪', '', '', 'মোঃ আলমগীর হোসেন', '', '14', 13, 40, 'খ-১৫', 0, 0, '', '', '', '', 'শিক্ষক নির্বাচন করুন', 'মোঃ আব্দুর রহমান মাহাবী', '', 'দ্ক্ষীণ পীরেরবাগ,মিরপুর,মিরপুর,ঢাকা', '', 1, 1, 0, '2018-08-10 22:04:45', '2018-08-10 22:04:45'),
(41, 'মোঃ ওবাইদুল্লাহ', '', 'male', '', '', '৩৯৪দঃ পাইকপাড়া,মিরপুর,মিরপুর,ঢাকা', '০১৯১৭-২১৭০৪৫', '', '', 'মোঃ মোস্তফা আলী মাসুদ', '', '14', 13, 41, 'খ-১৬', 0, 0, '', '', '', '', 'শিক্ষক নির্বাচন করুন', 'মোঃ ওবাইদুল্লাহ', '', '৩৯৪দঃ পাইকপাড়া,মিরপুর,মিরপুর,ঢাকা', '', 1, 1, 0, '2018-08-10 22:04:45', '2018-08-10 22:04:45'),
(42, 'মোঃ আল আমীন', '', 'male', '', '', 'দক্ষিণ পাইকপাড়া,মিরপুর,মিরপুর,ঢাকা', '০১৬৭৩-০৮৬৮৮৭', '', '', 'মোঃ হেলাল উদ্দিন', '', '14', 13, 42, 'খ-১৭', 0, 0, '', '', '', '', 'শিক্ষক নির্বাচন করুন', 'মোঃ আল আমীন', '', 'দক্ষিণ পাইকপাড়া,মিরপুর,মিরপুর,ঢাকা', '', 1, 1, 0, '2018-08-10 22:04:45', '2018-08-10 22:04:45'),
(43, 'মোঃ বেলাল হোসাইন', '', 'male', '', '', 'কবিচন্দ্রদী,রফারদীয়া,দাউদকান্দি,কুমিল্লা', '০১৮৫৯-১৩৭৩৫১', '', '', 'মোঃ আলম মিয়া', '', '13', 12, 43, 'গ-১', 0, 0, '', '', '', '', 'শিক্ষক নির্বাচন করুন', 'মোঃ বেলাল হোসাইন', '', 'কবিচন্দ্রদী,রফারদীয়া,দাউদকান্দি,কুমিল্লা', '', 1, 1, 0, '2018-08-10 22:04:45', '2018-08-10 22:04:45'),
(44, 'মোঃ দ্বীন ইসলাম', '', 'male', '', '', 'চর দুর্গাপুর,টেকেরহাট,হিজলা,বরিশাল', '০১৭২৫-৪১৪৮১৭', '', '', 'মোঃ নাসির উদ্দীন', '', '13', 12, 15, 'গ-২', 0, 0, '', '', '', '', 'শিক্ষক নির্বাচন করুন', 'মোঃ দ্বীন ইসলাম', '', 'চর দুর্গাপুর,টেকেরহাট,হিজলা,বরিশাল', '', 1, 1, 0, '2018-08-10 22:04:45', '2018-08-10 22:04:45'),
(45, 'মোঃ আবু বকর', '', 'male', '', '', '৪২৬/১,গার্ডেনডিউ রোড,মিরপুর,ঢাকা', '০১৭১৭-৯৮৮৮২২', '', '', 'মোঃ নাসির উদ্দীন', '', '13', 12, 44, 'গ-৩', 0, 0, '', '', '', '', 'শিক্ষক নির্বাচন করুন', 'মোঃ আবু বকর', '', '৪২৬/১,গার্ডেনডিউ রোড,মিরপুর,ঢাকা', '', 1, 1, 0, '2018-08-10 22:04:45', '2018-08-10 22:04:45'),
(46, 'মোঃ হাবীবুর রহমান', '', 'male', '', '', 'ভাংনামারী,ভাটিপাড়া,গৌরীপুর,কুমিল্লা', '০১৬২৪-৬৩৫৯৮১', '', '', 'মোঃ বাবুল মিয়া', '', '13', 12, 45, 'গ-৪', 0, 0, '', '', '', '', 'শিক্ষক নির্বাচন করুন', 'মোঃ হাবীবুর রহমান', '', 'ভাংনামারী,ভাটিপাড়া,গৌরীপুর,কুমিল্লা', '', 1, 1, 0, '2018-08-10 22:04:45', '2018-08-10 22:04:45'),
(47, 'মোঃ মারুফ হাসান', '', 'male', '', '', 'কবিচন্দ্রদী,রফারদীয়া,দাউদকান্দি,কুমিল্লা', '০১৮৫৯-১৩৭৩৫১', '', '', 'মোঃ নূরুল ইসলাম', '', '13', 12, 46, 'গ-৫', 0, 0, '', '', '', '', 'শিক্ষক নির্বাচন করুন', 'মোঃ মারুফ হাসান', '', 'কবিচন্দ্রদী,রফারদীয়া,দাউদকান্দি,কুমিল্লা', '', 1, 1, 0, '2018-08-10 22:04:45', '2018-08-10 22:04:45'),
(48, 'মোঃ মোজাম্মেল হোসাইন', '', 'male', '', '', 'ভাংনামারী,ভাটিপাড়া,অনন্তগঞ্জ,কুমিল্লা', '০১৬১১-৮৮৯১৯২', '', '', 'মোঃ মঞ্জুরুল হক', '', '13', 12, 47, 'গ-৬', 0, 0, '', '', '', '', 'শিক্ষক নির্বাচন করুন', 'মোঃ মোজাম্মেল হোসাইন', '', 'ভাংনামারী,ভাটিপাড়া,অনন্তগঞ্জ,কুমিল্লা', '', 1, 1, 0, '2018-08-10 22:04:45', '2018-08-10 22:04:45'),
(49, 'মোঃ রবিউল ইসলাম', '', 'male', '', '', 'দৌলতখাঁ,ব্যাংকের হাট,দৌলতখাঁ,ভোলা', '০১৮৬৪-৯৩৮১৫৬', '', '', 'মোঃ রফিকুল ইসলাম', '', '13', 12, 48, 'গ-৭', 0, 0, '', '', '', '', 'শিক্ষক নির্বাচন করুন', 'মোঃ রবিউল ইসলাম', '', 'দৌলতখাঁ,ব্যাংকের হাট,দৌলতখাঁ,ভোলা', '', 1, 1, 0, '2018-08-10 22:04:45', '2018-08-10 22:04:45'),
(50, 'মোঃ আবু হুরায়রা', '', 'male', '', '', '২৭৮ মধ্যপীরেরবাগ,মিরপুর,মিরপুর,ঢাকা', '০১৯১৫-৬৬৪৪০০', '', '', 'মোঃ জসীম উদ্দীন', '', '13', 12, 49, 'গ-৮', 0, 0, '', '', '', '', 'শিক্ষক নির্বাচন করুন', 'মোঃ আবু হুরায়রা', '', '২৭৮ মধ্যপীরেরবাগ,মিরপুর,মিরপুর,ঢাকা', '', 1, 1, 0, '2018-08-10 22:04:45', '2018-08-10 22:04:45'),
(51, 'মোঃ মোশাররফ হুসাইন', '', 'male', '', '', 'ভাংনামারী,ভাটিপাড়া,অনন্তগঞ্জ,মোমেনশাহী', '০১৬১১-৮৮৯১৯২', '', '', 'মোঃ আমিনুল ইসলাম', '', '13', 12, 50, 'গ-৯', 0, 0, '', '', '', '', 'শিক্ষক নির্বাচন করুন', 'মোঃ মোশাররফ হুসাইন', '', 'ভাংনামারী,ভাটিপাড়া,অনন্তগঞ্জ,মোমেনশাহী', '', 1, 1, 0, '2018-08-10 22:04:45', '2018-08-10 22:04:45'),
(52, 'মোঃ শরিফুল ইসলাম', '', 'male', '', '', 'চর যমুনা,নীল কমল,চর ফ্যাশন,ভোলা', '০১৬১১-৮৩৮৮৩৩', '', '', 'মোঃ বশির আহমেদ', '', '12', 0, 51, 'নাজেরা-২', 0, 0, '', '', '', '', 'শিক্ষক নির্বাচন করুন', 'মোঃ শরিফুল ইসলাম', '', 'চর যমুনা,নীল কমল,চর ফ্যাশন,ভোলা', '', 1, 1, 0, '2018-08-10 22:04:45', '2018-08-10 22:04:45'),
(53, 'মীর মোঃ আব্দুল্লাহ', '', 'male', '', '', 'দক্ষিণ ফয়েট,তরগাও,কাপাসিয়া,গাজীপুর', '০১৭২৯-৯৬০১৬৫', '', '', 'মনির হোসেন', '', '12', 0, 52, 'নাজেরা-৪', 0, 0, '', '', '', '', 'শিক্ষক নির্বাচন করুন', 'মীর মোঃ আব্দুল্লাহ', '', 'দক্ষিণ ফয়েট,তরগাও,কাপাসিয়া,গাজীপুর', '', 1, 1, 0, '2018-08-10 22:04:45', '2018-08-10 22:04:45'),
(54, 'মোঃ রহমাতুল্লাহ আনাস', '', 'male', '', '', 'বালিয়া তলী,পাতাকোকলিয়া,আমতলা,বরগুনা', '০১৭২১-৪৬৮০৭৩', '', '', 'মোঃ রুহুল আমিন', '', '12', 0, 53, 'নাজেরা-৫', 0, 0, '', '', '', '', 'শিক্ষক নির্বাচন করুন', 'মোঃ রহমাতুল্লাহ আনাস', '', 'বালিয়া তলী,পাতাকোকলিয়া,আমতলা,বরগুনা', '', 1, 1, 0, '2018-08-10 22:04:45', '2018-08-10 22:04:45'),
(55, 'মোঃ নাঈম বাবু', '', 'male', '', '', 'মাহমুদপুর,ভাডুখালী,৭নং আলিপুর,সাতক্ষীরা', '০১৭৫৪-২৮০০৬৬', '', '', 'মোঃ হাবিবুল্লাহ', '', '12', 0, 54, 'নাজেরা-৬', 0, 0, '', '', '', '', 'শিক্ষক নির্বাচন করুন', 'মোঃ নাঈম বাবু', '', 'মাহমুদপুর,ভাডুখালী,৭নং আলিপুর,সাতক্ষীরা', '', 1, 1, 0, '2018-08-10 22:04:45', '2018-08-10 22:04:45'),
(56, 'মোঃ হুজাইফা হাওলাদার সামুরা', '', 'male', '', '', 'পশ্চিম চাঁদকাঠী,ঝালকাঠী সদর,ঝালকাঠী', '০১৫৫২-৪৮৮৮৪৩', '', '', 'মোঃ ইকবাল হোসেন হাওলাদার', '', '11', 11, 55, 'কিতাব-১', 0, 0, '', '', '', '', 'শিক্ষক নির্বাচন করুন', 'মোঃ হুজাইফা হাওলাদার সামুরা', '', 'পশ্চিম চাঁদকাঠী,ঝালকাঠী সদর,ঝালকাঠী', '', 1, 1, 0, '2018-08-10 22:04:45', '2018-08-10 22:04:45'),
(57, 'মোঃ মাসুম বিল্লাহ', '', 'male', '', '', 'মরীচালী,ডৌহাখলা,গৌরীপুর,মোমেনশাহী', '০১৯৬৯- ০৬৬ ৮২৯', '', '', 'মোঃ আব্দুল মুত্তালিব', '', '11', 11, 56, 'কিতাব-৩', 0, 0, '', '', '', '', 'শিক্ষক নির্বাচন করুন', 'মোঃ মাসুম বিল্লাহ', '', 'মরীচালী,ডৌহাখলা,গৌরীপুর,মোমেনশাহী', '', 1, 1, 0, '2018-08-10 22:04:45', '2018-08-10 22:04:45'),
(58, 'মোঃ শরিফুল ইসলাম', '', 'male', '', '', 'বাদখাটা,নাকিপুর,শ্যামনগর,সাতক্ষীরা', '০১৯১৭-৪২০৯৫৮', '', '', 'মোঃ শফিকুল ইসলাম', '', '11', 11, 57, 'কিতাব-৪', 0, 0, '', '', '', '', 'শিক্ষক নির্বাচন করুন', 'মোঃ শরিফুল ইসলাম', '', 'বাদখাটা,নাকিপুর,শ্যামনগর,সাতক্ষীরা', '', 1, 1, 0, '2018-08-10 22:04:45', '2018-08-10 22:04:45'),
(59, 'মোঃ শাহীন', '', 'male', '', '', 'পশ্চিম লক্ষীপুর,দালাল বাজার,লক্ষীপুর,লক্ষীপুর', '০১৬৭৫-২৫৭১৩৪', '', '', 'মোঃ শাহজাহান সওদাগর', '', '11', 11, 58, 'কিতাব-৫', 0, 0, '', '', '', '', 'শিক্ষক নির্বাচন করুন', 'মোঃ শাহীন', '', 'পশ্চিম লক্ষীপুর,দালাল বাজার,লক্ষীপুর,লক্ষীপুর', '', 1, 1, 0, '2018-08-10 22:04:45', '2018-08-10 22:04:45'),
(60, 'মোঃ সাকিব আল হাসান (আবু সাইদ)', '', 'male', '', '', 'মরীচালী,ডৌহাখলা,গৌরীপুর,মোমেনশাহী', '০১৭২৮-৭৯৭৯২৯', '', '', 'মোঃ আবু সাঈদ', '', '11', 11, 59, 'কিতাব-৬', 0, 0, '', '', '', '', 'শিক্ষক নির্বাচন করুন', 'মোঃ সাকিব আল হাসান (আবু সাইদ)', '', 'মরীচালী,ডৌহাখলা,গৌরীপুর,মোমেনশাহী', '', 1, 1, 0, '2018-08-10 22:04:45', '2018-08-10 22:04:45'),
(61, 'মোঃ ইসমাইল হোসেন সিঁরাজী', '', 'male', '', '', 'গুদারা	শুবনালী,আশাশুনি,সাতক্ষীরা', '০১৭৭৬-৪৪৫৮৯১', '', '', 'মোঃ রবিউল ইসলাম', '', '11', 11, 60, 'কিতাব-৭', 0, 0, '', '', '', '', 'শিক্ষক নির্বাচন করুন', 'মোঃ ইসমাইল হোসেন সিঁরাজী', '', 'গুদারা	শুবনালী,আশাশুনি,সাতক্ষীরা', '', 1, 1, 0, '2018-08-10 22:04:45', '2018-08-10 22:04:45'),
(62, 'মোঃ সাকিব (বাবুল খাঁন)', '', 'male', '', '', 'খুনের চর,খাশের হাট,কলকিনি,মাদারীপুর', '০১৭৭৯-৪৭৪১৬০', '', '', 'মোঃ বাবুল খাঁন', '', '11', 11, 61, 'কিতাব-৮', 0, 0, '', '', '', '', 'শিক্ষক নির্বাচন করুন', 'মোঃ সাকিব (বাবুল খাঁন)', '', 'খুনের চর,খাশের হাট,কলকিনি,মাদারীপুর', '', 1, 1, 0, '2018-08-10 22:04:45', '2018-08-10 22:04:45'),
(63, 'মোঃ আশিকুর রহমান আসিফ', '', 'male', '', '', 'নদ্দা,কালাচাঁদপুর,গুলশান,ঢাকা', '০১৯২৬-৮০১৭৮২', '', '', 'মোঃ আব্দুর রহমান গাজী', '', '11', 11, 62, 'কিতাব-৯', 0, 0, '', '', '', '', 'শিক্ষক নির্বাচন করুন', 'মোঃ আশিকুর রহমান আসিফ', '', 'নদ্দা,কালাচাঁদপুর,গুলশান,ঢাকা', '', 1, 1, 0, '2018-08-10 22:04:45', '2018-08-10 22:04:45'),
(64, 'মোঃ আব্দুল্লাহ আল মামুন', '', 'male', '', '', 'উত্তরপুর হাজী বাড়ী,উত্তরপুর হাজী বাড়ী,লাকসাম,কুমিল্লা', '০১৯১১-২৪৬৭৯৩', '', '', 'মোঃ নাসীরুদ্দীন', '', '11', 11, 63, 'কিতাব-১০', 0, 0, '', '', '', '', 'শিক্ষক নির্বাচন করুন', 'মোঃ আব্দুল্লাহ আল মামুন', '', 'উত্তরপুর হাজী বাড়ী,উত্তরপুর হাজী বাড়ী,লাকসাম,কুমিল্লা', '', 1, 1, 0, '2018-08-10 22:04:45', '2018-08-10 22:04:45'),
(65, 'মোঃ মাহদী হাসান', '', 'male', '', '', 'পূর্বচৈতা,কাঠালতলী বাজার,মির্জাগঞ্জ,পটুয়াখালী', '০১৯৬১-৫২২৮৩৪', '', '', 'মোঃ মিজানুর রহমান', '', '11', 11, 64, 'কিতাব-১২', 0, 0, '', '', '', '', 'শিক্ষক নির্বাচন করুন', 'মোঃ মাহদী হাসান', '', 'পূর্বচৈতা,কাঠালতলী বাজার,মির্জাগঞ্জ,পটুয়াখালী', '', 1, 1, 0, '2018-08-10 22:04:45', '2018-08-10 22:04:45'),
(66, 'মোঃ দেলোয়ার হুসাইন', '', 'male', '', '', 'চর লক্ষীপুর,শম্ভুগঞ্জ,কুতুয়ালী,মোমেনশাহী', '০১৯৩৪-৩২০৪৮৪', '', '', 'মোঃ হারুন অর রশিদ', '', '10', 10, 65, 'কিতাব-১৩', 0, 0, '', '', '', '', 'শিক্ষক নির্বাচন করুন', 'মোঃ দেলোয়ার হুসাইন', '', 'চর লক্ষীপুর,শম্ভুগঞ্জ,কুতুয়ালী,মোমেনশাহী', '', 1, 1, 0, '2018-08-10 22:04:45', '2018-08-10 22:04:45'),
(67, 'মোঃ মাজহারুল ইসলাম', '', 'male', '', '', 'হাজিরগাতি,রোয়ালবাড়ি,কেন্দুয়া,নেত্রকোনা', '০১৭৮৮-৩৭৯৮১৩', '', '', 'মোঃ আব্দুর রশিদ', '', '10', 10, 66, 'কিতাব-১৪', 0, 0, '', '', '', '', 'শিক্ষক নির্বাচন করুন', 'মোঃ মাজহারুল ইসলাম', '', 'হাজিরগাতি,রোয়ালবাড়ি,কেন্দুয়া,নেত্রকোনা', '', 1, 1, 0, '2018-08-10 22:04:45', '2018-08-10 22:04:45'),
(68, 'মোঃ হোসেন আলী আহমাদ', '', 'male', '', '', 'নন্দি বাড়ি,মুক্তাগাছা,মুক্তাগাছা,মোমেনশাহী', '০১৭২৫- ২৮ ৬০ ৭৮', '', '', 'মোঃ মোজাফ্ফর আলী', '', '10', 10, 67, 'কিতাব-১৫', 0, 0, '', '', '', '', 'শিক্ষক নির্বাচন করুন', 'মোঃ হোসেন আলী আহমাদ', '', 'নন্দি বাড়ি,মুক্তাগাছা,মুক্তাগাছা,মোমেনশাহী', '', 1, 1, 0, '2018-08-10 22:04:45', '2018-08-10 22:04:45'),
(69, 'মোঃ অব্দুল কুদ্দুস', '', 'male', '', '', 'পশ্চিম বানিয়ারী,দক্ষিন বানিয়ারী,নাজিরপুর,পিরোজপুর', '০১৯০৫- ০৪ ২৬ ১১', '', '', 'মোঃ মিন্টু', '', '10', 10, 68, 'কিতাব-১৬', 0, 0, '', '', '', '', 'শিক্ষক নির্বাচন করুন', 'মোঃ অব্দুল কুদ্দুস', '', 'পশ্চিম বানিয়ারী,দক্ষিন বানিয়ারী,নাজিরপুর,পিরোজপুর', '', 1, 1, 0, '2018-08-10 22:04:45', '2018-08-10 22:04:45'),
(70, 'মোঃ যায়েদ আব্দুল্লাহ', '', 'male', '', '', 'তেতুল বাড়ীয়া,সাফা বন্দর,মঠবাড়ীয়া,পিরোজপুর', '০১৯১৮-৮৯৭৬২৮', '', '', 'মোঃ আবুল কালাম আজাদ', '', '9', 9, 69, 'কিতাব-১৭', 0, 0, '', '', '', '', 'শিক্ষক নির্বাচন করুন', 'মোঃ যায়েদ আব্দুল্লাহ', '', 'তেতুল বাড়ীয়া,সাফা বন্দর,মঠবাড়ীয়া,পিরোজপুর', '', 1, 1, 0, '2018-08-10 22:04:45', '2018-08-10 22:04:45'),
(71, 'মোঃ জাহিদ হাসান (আব্দুল মুত্তালিব)', '', 'male', '', '', 'দত্তের চর,গুয়াগাছিয়া,গজারিয়া,মুন্সিগঞ্জ', '০১৭১১-১৫৫৯১৫', '', '', 'মোঃ আব্দুল মুত্তালিব', '', '9', 9, 70, 'কিতাব-১৮', 0, 0, '', '', '', '', 'শিক্ষক নির্বাচন করুন', 'মোঃ জাহিদ হাসান (আব্দুল মুত্তালিব)', '', 'দত্তের চর,গুয়াগাছিয়া,গজারিয়া,মুন্সিগঞ্জ', '', 1, 1, 0, '2018-08-10 22:04:45', '2018-08-10 22:04:45'),
(72, 'মোঃ হাসিবুর রহমান', '', 'male', '', '', 'তারাটী,ফকিরগঞ্জ,মুক্তাগাছা,মোমেনশাহী', '০১৯৯২-১৮৫৭৪২', '', '', 'মোঃ নূরুল ইসলাম', '', '9', 9, 71, 'কিতাব-১৯', 0, 0, '', '', '', '', 'শিক্ষক নির্বাচন করুন', 'মোঃ হাসিবুর রহমান', '', 'তারাটী,ফকিরগঞ্জ,মুক্তাগাছা,মোমেনশাহী', '', 1, 1, 0, '2018-08-10 22:04:45', '2018-08-10 22:04:45'),
(73, 'মোঃ রেজাউল করিম', '', 'male', '', '', 'নওয়াপাড়া,আখরাইল,ত্রিশাল,মোমেনশাহী', '০১৯৬০- ১০ ২১ ৮১', '', '', 'মোঃ বাবুল মিয়া', '', '9', 9, 72, 'কিতাব-২০', 0, 0, '', '', '', '', 'শিক্ষক নির্বাচন করুন', 'মোঃ রেজাউল করিম', '', 'নওয়াপাড়া,আখরাইল,ত্রিশাল,মোমেনশাহী', '', 1, 1, 0, '2018-08-10 22:04:45', '2018-08-10 22:04:45'),
(74, 'মোঃ হাসান মাহমুদ', '', 'male', '', '', 'ভাবকী,জয়দা,মুক্তাগাছা,মোমেনশাহী', '০১৯২৩-৭৪৬৬৮৭', '', '', 'মোঃ শফিকুল ইসলাম', '', '9', 9, 73, 'কিতাব-২১', 0, 0, '', '', '', '', 'শিক্ষক নির্বাচন করুন', 'মোঃ হাসান মাহমুদ', '', 'ভাবকী,জয়দা,মুক্তাগাছা,মোমেনশাহী', '', 1, 1, 0, '2018-08-10 22:04:45', '2018-08-10 22:04:45'),
(75, 'মোঃ শরীফুল ইসলাম (আব্দুল মান্নান)', '', 'male', '', '', 'মুরাদ নগর,ইলিয়ট গঞ্জ,চান্দিনা,কুমিল্লা', '০১৯৪২-৫৪৯০৫১', '', '', 'মোঃ আব্দুল মান্নান', '', '9', 9, 74, 'কিতাব-২২', 0, 0, '', '', '', '', 'শিক্ষক নির্বাচন করুন', 'মোঃ শরীফুল ইসলাম (আব্দুল মান্নান)', '', 'মুরাদ নগর,ইলিয়ট গঞ্জ,চান্দিনা,কুমিল্লা', '', 1, 1, 0, '2018-08-10 22:04:45', '2018-08-10 22:04:45'),
(76, 'মোঃ ইমরান হোসাইন', '', 'male', '', '', 'বিশনন্দি,চৈতন কান্দা,আড়াই হাজার,নারায়নগঞ্জ', '০১৮১২-৭৩১৩৯৭', '', '', 'মোঃ আতাউর রহমান', '', '9', 9, 75, 'কিতাব-২৩', 0, 0, '', '', '', '', 'শিক্ষক নির্বাচন করুন', 'মোঃ ইমরান হোসাইন', '', 'বিশনন্দি,চৈতন কান্দা,আড়াই হাজার,নারায়নগঞ্জ', '', 1, 1, 0, '2018-08-10 22:04:45', '2018-08-10 22:04:45'),
(77, 'মোঃ মোস্তাফিজুর রহমান', '', 'male', '', '', 'নূরেরচালা,ভাটারা,বাড্ডা,ঢাকা', '০১৯১৮-০৮৬১৯৯', '', '', 'মোঃ হাফিজুর রহমান (মৃত)', '', '9', 9, 76, 'কিতাব-২৪', 0, 0, '', '', '', '', 'শিক্ষক নির্বাচন করুন', 'মোঃ মোস্তাফিজুর রহমান', '', 'নূরেরচালা,ভাটারা,বাড্ডা,ঢাকা', '', 1, 1, 0, '2018-08-10 22:04:45', '2018-08-10 22:04:45'),
(78, 'মোঃ রাহিদ হোসেন', '', 'male', '', '', 'পশ্চিম টুটপাড়া,খুলনা সদর,শিপইয়াড,খুলনা', '০১৯৯৩-০৪৮৯৩৮', '', '', 'মোঃ জামাল সিকদার', '', '9', 9, 77, 'কিতাব-২৫', 0, 0, '', '', '', '', 'শিক্ষক নির্বাচন করুন', 'মোঃ রাহিদ হোসেন', '', 'পশ্চিম টুটপাড়া,খুলনা সদর,শিপইয়াড,খুলনা', '', 1, 1, 0, '2018-08-10 22:04:45', '2018-08-10 22:04:45'),
(79, 'মোঃ শরীফুল ইসলাম (আব্দুল মুত্তালিব)', '', 'male', '', '', 'মরীচালী,ঢৌহাখলা,গৌরীপুর,মোমেনশাহী', '০১৯৮৯-০২১৪১৫', '', '', 'মোঃ আব্দুল মুত্তালিব', '', '9', 9, 56, 'কিতাব-২৬', 0, 0, '', '', '', '', 'শিক্ষক নির্বাচন করুন', 'মোঃ শরীফুল ইসলাম (আব্দুল মুত্তালিব)', '', 'মরীচালী,ঢৌহাখলা,গৌরীপুর,মোমেনশাহী', '', 1, 1, 0, '2018-08-10 22:04:45', '2018-08-10 22:04:45'),
(80, 'মোঃ তৈয়্যবুর রহমান', '', 'male', '', '', 'নৌদা খারাল্লাহ বাড়াদী,বহুল বাড়িয়া,মিরপুর,কুষ্টিয়া', '০১৯৭৭-৮১২৬২৪', '', '', 'মোঃ আবুল কাশেম', '', '9', 9, 78, 'কিতাব-২৭', 0, 0, '', '', '', '', 'শিক্ষক নির্বাচন করুন', 'মোঃ তৈয়্যবুর রহমান', '', 'কাপাশিয়া,হজীবাল্লরোডনৌদা খারাল্লাহ বাড়াদী,বহুল বাড়িয়া,মিরপুর,কুষ্টিয়া,লালবাগ,ঢাকা', '', 1, 1, 0, '2018-08-10 22:04:45', '2018-08-10 22:04:45'),
(81, 'মোঃ জাহিদ হাসান (হযরত আলী)', '', 'male', '', '', 'কাপাশিয়া,হজীবাল্লরোড,লালবাগ,ঢাকা', '০১৯১৯-২৩২৬৮১', '', '', 'মোঃ হযরত আলী', '', '9', 9, 79, 'কিতাব-২৮', 0, 0, '', '', '', '', 'শিক্ষক নির্বাচন করুন', 'মোঃ জাহিদ হাসান (হযরত আলী)', '', 'কাপাশিয়া,হজীবাল্লরোড,লালবাগ,ঢাকা', '', 1, 1, 0, '2018-08-10 22:04:45', '2018-08-10 22:04:45'),
(82, 'মোঃ আবু রায়হান', '', 'male', '', '', 'মির্জানগর,নাটেশ^র,সোনাইমুড়ী,নোয়াখালী', '০১৮২৯-৫১৯৩৬৮', '', '', 'মোঃ নূর আলম', '', '9', 9, 80, 'কিতাব-২৯', 0, 0, '', '', '', '', 'শিক্ষক নির্বাচন করুন', 'মোঃ আবু রায়হান', '', 'মির্জানগর,নাটেশ^র,সোনাইমুড়ী,নোয়াখালী', '', 1, 1, 0, '2018-08-10 22:04:45', '2018-08-10 22:04:45'),
(83, 'মোঃ রিয়াদ মাহমুদ', '', 'male', '', '', 'মির্জানগর,নাটেশ^র,সোনাইমুড়ী,নোয়াখালী', '০১৮২৯-৫১৯৩৬৮', '', '', 'মোঃ নূর আলম', '', '9', 9, 80, 'কিতাব-৩০', 0, 0, '', '', '', '', 'শিক্ষক নির্বাচন করুন', 'মোঃ রিয়াদ মাহমুদ', '', 'মির্জানগর,নাটেশ^র,সোনাইমুড়ী,নোয়াখালী', '', 1, 1, 0, '2018-08-10 22:04:45', '2018-08-10 22:04:45'),
(84, 'মোঃ খালেদ সাইফুল্লাহ', '', 'male', '', '', 'অষ্টগ্রাম,অষ্টগ্রাম,কুলিয়াচর,কিশোরগঞ্জ', '০১৯৯১-০৯৩৭৭৮', '', '', 'মোঃ শাহজাহান মিয়া', '', '9', 9, 81, 'কিতাব-৩১', 0, 0, '', '', '', '', 'শিক্ষক নির্বাচন করুন', 'মোঃ খালেদ সাইফুল্লাহ', '', 'অষ্টগ্রাম,অষ্টগ্রাম,কুলিয়াচর,কিশোরগঞ্জ', '', 1, 1, 0, '2018-08-10 22:04:45', '2018-08-10 22:04:45'),
(85, 'মোঃ সুলতান কামরুর রহমান', '', 'male', '', '', 'হাজীনগর,সারুলিয়া,ডেমরা,ঢাকা', '০১৯১১-২১৬০২৬', '', '', 'মোঃ ফখরুদ্দীন আহমাদ', '', '9', 9, 82, 'কিতাব-৩২', 0, 0, '', '', '', '', 'শিক্ষক নির্বাচন করুন', 'মোঃ সুলতান কামরুর রহমান', '', 'হাজীনগর,সারুলিয়া,ডেমরা,ঢাকা', '', 1, 1, 0, '2018-08-10 22:04:45', '2018-08-10 22:04:45'),
(86, 'মোঃ সুলতান নাজমুর রহমান', '', 'male', '', '', 'হাজীনগর,সারুলিয়া,ডেমরা,ঢাকা', '০১৯১১-২১৬০২৬', '', '', 'মোঃ ফখরুদ্দীন আহমাদ', '', '9', 9, 82, 'কিতাব-৩৩', 0, 0, '', '', '', '', 'শিক্ষক নির্বাচন করুন', 'মোঃ সুলতান নাজমুর রহমান', '', 'হাজীনগর,সারুলিয়া,ডেমরা,ঢাকা', '', 1, 1, 0, '2018-08-10 22:04:45', '2018-08-10 22:04:45'),
(87, 'মোঃ নাজমুস সাকিব', '', 'male', '', '', 'দক্ষিন পিরেরবাগ,আমতলা,মিরপুর,ঢাকা', '০১৯৬৪-৬০২৬৩৩', '', '', 'মোঃ সেলিম হোসেন (মৃত)', '', '9', 9, 83, 'কিতাব-৩৪', 0, 0, '', '', '', '', 'শিক্ষক নির্বাচন করুন', 'মোঃ নাজমুস সাকিব', '', 'দক্ষিন পিরেরবাগ,আমতলা,মিরপুর,ঢাকা', '', 1, 1, 0, '2018-08-10 22:04:45', '2018-08-10 22:04:45'),
(88, 'মোঃ মুজাহিদুল ইসলাম', '', 'male', '', '', '১০নং সোরা,চাঁদনীমুখা,শ্যামনগর,সাতক্ষীরা', '০১৯১৭-৯৫৩৫২৪', '', '', 'মোঃ আব্দুল মালেক গাজী', '', '9', 9, 84, 'কিতাব-৩৫', 0, 0, '', '', '', '', 'শিক্ষক নির্বাচন করুন', 'মোঃ মুজাহিদুল ইসলাম', '', '১০নং সোরা,চাঁদনীমুখা,শ্যামনগর,সাতক্ষীরা', '', 1, 1, 0, '2018-08-10 22:04:45', '2018-08-10 22:04:45'),
(89, 'মোঃ আফজাল হোসেন', '', 'male', '', '', '৯নং বুড়ীগোয়ালিনী,বুড়ীগোয়ালিনী,শ্যামনগর,সাতক্ষীরা', '০১৯১৭-৯৫৩৫২৪', '', '', 'মোঃ আব্দুস সালাম গাজী', '', '9', 9, 85, 'কিতাব-৩৬', 0, 0, '', '', '', '', 'শিক্ষক নির্বাচন করুন', 'মোঃ আফজাল হোসেন', '', '৯নং বুড়ীগোয়ালিনী,বুড়ীগোয়ালিনী,শ্যামনগর,সাতক্ষীরা', '', 1, 1, 0, '2018-08-10 22:04:45', '2018-08-10 22:04:45'),
(90, 'মোঃ শরীফুল ইসলাম (আব্দুল খালেক)', '', 'male', '', '', 'চরআলগী,ঈশ^রগঞ্জ,মোমেনশাহী,মোমেনশাহী', '০১৯২০-৩৮৭৭৬৮', '', '', 'মোঃ আব্দুল খালেক', '', '9', 9, 86, 'কিতাব-৩৭', 0, 0, '', '', '', '', 'শিক্ষক নির্বাচন করুন', 'মোঃ শরীফুল ইসলাম (আব্দুল খালেক)', '', 'চরআলগী,ঈশ^রগঞ্জ,মোমেনশাহী,মোমেনশাহী', '', 1, 1, 0, '2018-08-10 22:04:45', '2018-08-10 22:04:45'),
(91, 'মোঃ সাব্বির আহমাদ', '', 'male', '', '', 'নেয়াগাঁও,জোয়াগ,চান্দিনা,কুমিল্লা', '০১৮৩৫-৫৪৬১৮৯', '', '', 'মোঃ আবুল বাশার', '', '9', 9, 87, 'কিতাব-৩৮', 0, 0, '', '', '', '', 'শিক্ষক নির্বাচন করুন', 'মোঃ সাব্বির আহমাদ', '', 'নেয়াগাঁও,জোয়াগ,চান্দিনা,কুমিল্লা', '', 1, 1, 0, '2018-08-10 22:04:45', '2018-08-10 22:04:45'),
(92, 'মোঃ মিজানুর রহমান', '', 'male', '', '', 'মেঘশিমুল,নতুন বাজার,পূর্বধোলা,নেত্রকোনা', '০১৯৭৫-৫২৫৩৫০', '', '', 'মোঃ আরব আলী', '', '9', 9, 88, 'কিতাব-৩৯', 0, 0, '', '', '', '', 'শিক্ষক নির্বাচন করুন', 'মোঃ মিজানুর রহমান', '', 'মেঘশিমুল,নতুন বাজার,পূর্বধোলা,নেত্রকোনা', '', 1, 1, 0, '2018-08-10 22:04:45', '2018-08-10 22:04:45'),
(93, 'মোঃ সাদিকুর রহমান', '', 'male', '', '', 'কাজলিদাহ,ঘোগাদহ,কুড়িগ্রাম,কুড়িগ্রাম', '০১৯৭৬-২৮২৭৯৯', '', '', 'মোঃ ফজলুর রহমান', '', '9', 9, 89, 'কিতাব-৪০', 0, 0, '', '', '', '', 'শিক্ষক নির্বাচন করুন', 'মোঃ সাদিকুর রহমান', '', 'কাজলিদাহ,ঘোগাদহ,কুড়িগ্রাম,কুড়িগ্রাম', '', 1, 1, 0, '2018-08-10 22:04:45', '2018-08-10 22:04:45'),
(94, 'মোঃ হুযাইফা', '', 'male', '', '', 'টেকেরহাট,টেকেরহাট,রাজর,মাদারীপুর', '০১৭৮৬-৬৯১২৭৮', '', '', 'মোঃ মাহফুজ', '', '9', 9, 90, 'কিতাব-৪২', 0, 0, '', '', '', '', 'শিক্ষক নির্বাচন করুন', 'মোঃ হুযাইফা', '', 'টেকেরহাট,টেকেরহাট,রাজর,মাদারীপুর', '', 1, 1, 0, '2018-08-10 22:04:45', '2018-08-10 22:04:45'),
(95, 'মোঃ হাসান শরীফ মারুফ', '', 'male', '', '', 'ঘাটুকলিয়াপাড়া,পি, এম, খালী,কক্সবাজার', '০১৮২৪-৪৬৭৮৫৩', '', '', 'মোঃ হাজী ফরিদুল আলম', '', '8', 8, 91, 'কিতাব-৪৩', 0, 0, '', '', '', '', 'শিক্ষক নির্বাচন করুন', 'মোঃ হাসান শরীফ মারুফ', '', 'ঘাটুকলিয়াপাড়া,পি, এম, খালী,কক্সবাজার', '', 1, 1, 0, '2018-08-10 22:04:45', '2018-08-10 22:04:45'),
(96, 'মোঃ মাহবুবুর রহমান', '', 'male', '', '', 'মরিচালি,ঢৌহাখোলা,গৌরীপুর,মোমেনশাহী', '০১৯৬৯-০৬৬৮২৯', '', '', 'মোঃ আজিজুল হক', '', '8', 8, 92, 'কিতাব-৪৪', 0, 0, '', '', '', '', 'শিক্ষক নির্বাচন করুন', 'মোঃ মাহবুবুর রহমান', '', 'মরিচালি,ঢৌহাখোলা,গৌরীপুর,মোমেনশাহী', '', 1, 1, 0, '2018-08-10 22:04:45', '2018-08-10 22:04:45'),
(97, 'মোঃ কামরুল হাসান', '', 'male', '', '', 'বিনানই পশ্চিম পাড়া,মিরকুটিয়া,চৌহালী,সিরাজগঞ্জ', '০১৭৪০-৯৪৭০৬১', '', '', 'মোঃ হাবিবুর রহমান', '', '8', 8, 93, 'কিতাব-৪৫', 0, 0, '', '', '', '', 'শিক্ষক নির্বাচন করুন', 'মোঃ কামরুল হাসান', '', 'বিনানই পশ্চিম পাড়া,মিরকুটিয়া,চৌহালী,সিরাজগঞ্জ', '', 1, 1, 0, '2018-08-10 22:04:45', '2018-08-10 22:04:45'),
(98, 'মোঃ হোসাইন আহমাদ', '', 'male', '', '', 'এমপিডাঙ্গি,চরভদ্রাসোন,চরভদ্রাসোন,ফরিদপুর', '০১৯৩৭-০৫৯৫৭৪', '', '', 'মোঃ মনির হোসেন', '', '8', 8, 94, 'কিতাব-৪৬', 0, 0, '', '', '', '', 'শিক্ষক নির্বাচন করুন', 'মোঃ হোসাইন আহমাদ', '', 'এমপিডাঙ্গি,চরভদ্রাসোন,চরভদ্রাসোন,ফরিদপুর', '', 1, 1, 0, '2018-08-10 22:04:45', '2018-08-10 22:04:45'),
(99, 'মোঃ আব্দুল্লাহ আল আজাদ', '', 'male', '', '', 'তারাটি মধ্য পাড়া,তারাটি ফকিরগঞ্জ,বাজার মুক্তাগাছা,মোমেনশাহী', '০১৯১৬-৩৫৯৯৯৫', '', '', 'মোঃ তোফাজ্জল হোসেন', '', '8', 8, 32, 'কিতাব-৪৭', 0, 0, '', '', '', '', 'শিক্ষক নির্বাচন করুন', 'মোঃ আব্দুল্লাহ আল আজাদ', '', 'তারাটি মধ্য পাড়া,তারাটি ফকিরগঞ্জ,বাজার মুক্তাগাছা,মোমেনশাহী', '', 1, 1, 0, '2018-08-10 22:04:45', '2018-08-10 22:04:45'),
(100, 'মোঃ শরিফুল ইসলাম', '', 'male', '', '', 'তারাটী,ফকীরগঞ্জ,মুক্তাগাছা,মোমেনশাহী', '০১৯৮৮-৯০৯১৮৮', '', '', 'মোঃ রুহুল আমীন', '', '8', 8, 95, 'কিতাব-৪৮', 0, 0, '', '', '', '', 'শিক্ষক নির্বাচন করুন', 'মোঃ শরিফুল ইসলাম', '', 'তারাটী,ফকীরগঞ্জ,মুক্তাগাছা,মোমেনশাহী', '', 1, 1, 0, '2018-08-10 22:04:45', '2018-08-10 22:04:45'),
(101, 'মোঃ মাহদী হাসান', '', 'male', '', '', 'দত্তেরচর,গুয়াগাছিয়া,গজারিয়া,মুন্সিগঞ্জ', '০১৮২০-১২৩৬৭৬', '', '', 'মোঃ নূরুল ইসলাম সরকার', '', '8', 8, 96, 'কিতাব-৪৯', 0, 0, '', '', '', '', 'শিক্ষক নির্বাচন করুন', 'মোঃ মাহদী হাসান', '', 'দত্তেরচর,গুয়াগাছিয়া,গজারিয়া,মুন্সিগঞ্জ', '', 1, 1, 0, '2018-08-10 22:04:45', '2018-08-10 22:04:45'),
(102, 'মোঃ শাকিল আহমাদ', '', 'male', '', '', 'তারাটী মধ্য পাড়া	মুক্তাগাছা,মুক্তাগাছা,মোমেনশাহী', '০১৭২৮-০২২৯০৯', '', '', 'মোঃ নূর হুসাইন', '', '8', 8, 97, 'কিতাব-৫০', 0, 0, '', '', '', '', 'শিক্ষক নির্বাচন করুন', 'মোঃ শাকিল আহমাদ', '', 'তারাটী মধ্য পাড়া	মুক্তাগাছা,মুক্তাগাছা,মোমেনশাহী', '', 1, 1, 0, '2018-08-10 22:04:45', '2018-08-10 22:04:45'),
(103, 'মোঃ ইসমাইল হোসাইন', '', 'male', '', '', 'বরকরই,দল্লাই নবাবপুর,চান্দিনা,কুমিল্লা', '০১৭৭৮-১৭০৫৭৮', '', '', 'মোঃ ওমর ফারুক', '', '8', 8, 98, 'কিতাব-৫১', 0, 0, '', '', '', '', 'শিক্ষক নির্বাচন করুন', 'মোঃ ইসমাইল হোসাইন', '', 'বরকরই,দল্লাই নবাবপুর,চান্দিনা,কুমিল্লা', '', 1, 1, 0, '2018-08-10 22:04:45', '2018-08-10 22:04:45'),
(104, 'মোঃ ইবরাহীম খলিল', '', 'male', '', '', 'বিশকা,বিশকা,তারাকান্দা,মোমেনশাহী', '০১৭৭২-০১০৫১৫', '', '', 'মোঃ আব্দুল বারেক', '', '8', 8, 99, 'কিতাব-৫২', 0, 0, '', '', '', '', 'শিক্ষক নির্বাচন করুন', 'মোঃ ইবরাহীম খলিল', '', 'বিশকা,বিশকা,তারাকান্দা,মোমেনশাহী', '', 1, 1, 0, '2018-08-10 22:04:45', '2018-08-10 22:04:45'),
(105, 'মোঃ সুলতান এনামুর রহমান', '', 'male', '', '', 'হাজীনগর,সারুলিয়া,ডেমরা,ঢাকা', '০১৯১১-২১৬০২৬', '', '', 'মোঃ ফখরুদ্দীন আহমাদ', '', '8', 8, 82, 'কিতাব-৫৩', 0, 0, '', '', '', '', 'শিক্ষক নির্বাচন করুন', 'মোঃ সুলতান এনামুর রহমান', '', 'হাজীনগর,সারুলিয়া,ডেমরা,ঢাকা', '', 1, 1, 0, '2018-08-10 22:04:45', '2018-08-10 22:04:45'),
(106, 'মোঃ আমির হামজা', '', 'male', '', '', 'ইছাখালী,কমলাপুর,কুমারখালী,কুষ্টিয়া', '০১৯১৩-৯০৬৯০৫', '', '', 'মোঃ মেহেদী হাসান', '', '8', 8, 100, 'কিতাব-৫৪', 0, 0, '', '', '', '', 'শিক্ষক নির্বাচন করুন', 'মোঃ আমির হামজা', '', 'ইছাখালী,কমলাপুর,কুমারখালী,কুষ্টিয়া', '', 1, 1, 0, '2018-08-10 22:04:45', '2018-08-10 22:04:45'),
(107, 'মোঃ আব্দুর রহমান', '', 'male', '', '', 'মুন্সিগঞ্জ,জেলেখালী,শ্যামনগর,সাতক্ষিরা', '০১৯৩১-৯৬০৪৪০', '', '', 'মোঃ অজিয়ার রহমান', '', '8', 8, 101, 'কিতাব-৫৫', 0, 0, '', '', '', '', 'শিক্ষক নির্বাচন করুন', 'মোঃ আব্দুর রহমান', '', 'মুন্সিগঞ্জ,জেলেখালী,শ্যামনগর,সাতক্ষিরা', '', 1, 1, 0, '2018-08-10 22:04:45', '2018-08-10 22:04:45'),
(108, 'মোঃ দীন ইসলাম', '', 'male', '', '', 'দত্তেরচর,গুয়াগাছিয়া,গজারিয়া,মুন্সিগঞ্জ', '০১৯২০-৪০৮৩৪০', '', '', 'মোঃ ধনু মিয়া', '', '8', 8, 102, 'কিতাব-৫৬', 0, 0, '', '', '', '', 'শিক্ষক নির্বাচন করুন', 'মোঃ দীন ইসলাম', '', 'দত্তেরচর,গুয়াগাছিয়া,গজারিয়া,মুন্সিগঞ্জ', '', 1, 1, 0, '2018-08-10 22:04:45', '2018-08-10 22:04:45'),
(109, 'মোঃ আব্দুল মালেক', '', 'male', '', '', 'বিনানই,মিরকুটিয়া,চৌহালী,সিরাজগঞ্জ', '০১৭৪২-৯৪৮০৫৫', '', '', 'মোঃ শামসুল হক', '', '7', 7, 103, 'কিতাব-৫৭', 0, 0, '', '', '', '', 'শিক্ষক নির্বাচন করুন', 'মোঃ আব্দুল মালেক', '', 'বিনানই,মিরকুটিয়া,চৌহালী,সিরাজগঞ্জ', '', 1, 1, 0, '2018-08-10 22:04:45', '2018-08-10 22:04:45'),
(110, 'মোঃ তাফাজ্জল হুসাইন', '', 'male', '', '', 'ছুছাউড়া,পূর্বধলা,	পূর্বধলা,নেত্রকোনা', '০১৯২৮-৫০৬৪৭৭', '', '', 'মোঃ আব্দুল গণী (মৃত)', '', '7', 7, 104, 'কিতাব-৫৮', 0, 0, '', '', '', '', 'শিক্ষক নির্বাচন করুন', 'মোঃ তাফাজ্জল হুসাইন', '', 'ছুছাউড়া,পূর্বধলা,	পূর্বধলা,নেত্রকোনা', '', 1, 1, 0, '2018-08-10 22:04:45', '2018-08-10 22:04:45'),
(111, 'মোঃ ওবাইদুল্লাহ', '', 'male', '', '', 'মরিচালি,ঢৌহাখোলা,গৌরীপুর,মোমেনশাহী', '০১৯৮৯-০২১৪১৫', '', '', 'মোঃ আব্দুল মুত্তালিব', '', '7', 7, 105, 'কিতাব-৫৯', 0, 0, '', '', '', '', 'শিক্ষক নির্বাচন করুন', 'মোঃ ওবাইদুল্লাহ', '', 'মরিচালি,ঢৌহাখোলা,গৌরীপুর,মোমেনশাহী', '', 1, 1, 0, '2018-08-10 22:04:45', '2018-08-10 22:04:45'),
(112, 'মোঃ শাহীন আলম', '', 'male', '', '', 'গোজাখালীকান্দা,জারিয়া,পূর্বধলা,নেত্রকোনা', '০১৯৫১-৮২৪৯১৯', '', '', 'মোঃ আইনুদ্দীন', '', '7', 7, 106, 'কিতাব-৬০', 0, 0, '', '', '', '', 'শিক্ষক নির্বাচন করুন', 'মোঃ শাহীন আলম', '', 'গোজাখালীকান্দা,জারিয়া,পূর্বধলা,নেত্রকোনা', '', 1, 1, 0, '2018-08-10 22:04:45', '2018-08-10 22:04:45'),
(113, 'মোঃ ফিরোজ', '', 'male', '', '', 'ঝিনাহ পশ্চিম পাড়া,মিরকুটিয়া,চৌহালী,সিরাজগঞ্জ', '০১৭২৮-০৮৮৬৯৪', '', '', 'মোঃ চান মিয়া', '', '7', 7, 107, 'কিতাব-৬১', 0, 0, '', '', '', '', 'শিক্ষক নির্বাচন করুন', 'মোঃ ফিরোজ', '', 'ঝিনাহ পশ্চিম পাড়া,মিরকুটিয়া,চৌহালী,সিরাজগঞ্জ', '', 1, 1, 0, '2018-08-10 22:04:45', '2018-08-10 22:04:45'),
(114, 'মোঃ আব্দুল্লাহ মাসরুর', '', 'male', '', '', 'হরিয়া খালী,উচাখিলা,ঈশ^রগঞ্জ,ময়মনসিংহ', '০১৯২৭-১০৩১৫৫', '', '', 'মোঃ নূরুজ্জামান', '', '7', 7, 108, 'কিতাব-৬২', 0, 0, '', '', '', '', 'শিক্ষক নির্বাচন করুন', 'মোঃ আব্দুল্লাহ মাসরুর', '', 'হরিয়া খালী,উচাখিলা,ঈশ^রগঞ্জ,ময়মনসিংহ', '', 1, 1, 0, '2018-08-10 22:04:45', '2018-08-10 22:04:45'),
(115, 'মোঃ জাহিদুল ইসলাম', '', 'male', '', '', 'সুতার পাড়া,বৌলা,ফুলপুর,ময়মনসিংহ', '০১৬৭৯-১৪৫৯৬১', '', '', 'মোঃ গোলাম কিবরিয়া', '', '7', 7, 109, 'কিতাব-৬৩', 0, 0, '', '', '', '', 'শিক্ষক নির্বাচন করুন', 'মোঃ জাহিদুল ইসলাম', '', 'সুতার পাড়া,বৌলা,ফুলপুর,ময়মনসিংহ', '', 1, 1, 0, '2018-08-10 22:04:45', '2018-08-10 22:04:45'),
(116, 'মোঃ শরীফুল ইসলাম', '', 'male', '', '', 'খাগকান্দা,শম্ভুপুড়া,আড়াই হাজার,নারায়নগঞ্জ', '০১৯৩৯-৬৯০২৫৮', '', '', 'মোঃ নজরুল ইসলাম', '', '7', 7, 110, 'কিতাব-৬৪', 0, 0, '', '', '', '', 'শিক্ষক নির্বাচন করুন', 'মোঃ শরীফুল ইসলাম', '', 'খাগকান্দা,শম্ভুপুড়া,আড়াই হাজার,নারায়নগঞ্জ', '', 1, 1, 0, '2018-08-10 22:04:45', '2018-08-10 22:04:45'),
(117, 'মোঃ শাহ জালাল', '', 'male', '', '', 'চৌবাড়িয়া,মিরকুটিয়া,চৌহালী,সিরাজগঞ্জ', '০১৭৭৬-৬৩২২৩৬', '', '', 'মোঃ আব্দুর রহিম', '', '6', 6, 111, 'কিতাব-৬৬', 0, 0, '', '', '', '', 'শিক্ষক নির্বাচন করুন', 'মোঃ শাহ জালাল', '', 'চৌবাড়িয়া,মিরকুটিয়া,চৌহালী,সিরাজগঞ্জ', '', 1, 1, 0, '2018-08-10 22:04:45', '2018-08-10 22:04:45'),
(118, 'মোঃ ফখরুদ্দীন আহমাদ', '', 'male', '', '', '১০নং সোরা,চাঁদনীমুখা,শ্যামনগর,সাতক্ষিরা', '০১৯৪৭-৮২৪১৭৬', '', '', 'মোঃ আব্দুস সাত্তার মোড়ল', '', '6', 6, 112, 'কিতাব-৬৮', 0, 0, '', '', '', '', 'শিক্ষক নির্বাচন করুন', 'মোঃ ফখরুদ্দীন আহমাদ', '', '১০নং সোরা,চাঁদনীমুখা,শ্যামনগর,সাতক্ষিরা', '', 1, 1, 0, '2018-08-10 22:04:45', '2018-08-10 22:04:45'),
(119, 'মোঃ যুবায়ের আল আনসারী', '', 'male', '', '', 'খাজুরিয়া,খাজুরিয়া,সেনবাগ,নোয়াখালী', '০১৮১৩-০২২৭৯৩', '', '', 'মোঃ শহিদুল্লাহ', '', '5', 5, 113, 'কিতাব-৭০', 0, 0, '', '', '', '', 'শিক্ষক নির্বাচন করুন', 'মোঃ যুবায়ের আল আনসারী', '', 'খাজুরিয়া,খাজুরিয়া,সেনবাগ,নোয়াখালী', '', 1, 1, 0, '2018-08-10 22:04:45', '2018-08-10 22:04:45'),
(120, 'মোঃ মাসউদ মোল্লা', '', 'male', '', '', 'কান্দাইল,সাতগ্রাম,নরসিংদী,নরসিংদী', '০১৮৪৬-৫১৫২৮৭', '', '', 'মোঃ মোবারক মোল্লা', '', '5', 5, 114, 'কিতাব-৭১', 0, 0, '', '', '', '', 'শিক্ষক নির্বাচন করুন', 'মোঃ মাসউদ মোল্লা', '', 'কান্দাইল,সাতগ্রাম,নরসিংদী,নরসিংদী', '', 1, 1, 0, '2018-08-10 22:04:45', '2018-08-10 22:04:45'),
(121, 'মোঃ তানভীর আহমাদ', '', 'male', '', '', 'তারাটি,ফকিরগঞ্জ বাজার,মুক্তাগাছা,মোমেনশাহী', '০১৯৯৩-২৭০৫১৬', '', '', 'মোঃ রফিকুল ইসলাম', '', '5', 5, 115, 'কিতাব-৭২', 0, 0, '', '', '', '', 'শিক্ষক নির্বাচন করুন', 'মোঃ তানভীর আহমাদ', '', 'তারাটি,ফকিরগঞ্জ বাজার,মুক্তাগাছা,মোমেনশাহী', '', 1, 1, 0, '2018-08-10 22:04:45', '2018-08-10 22:04:45'),
(122, 'মোঃ নাইমুল ইসলাম', '', 'male', '', '', 'সাদকপুর,পীরযাত্রাপুর,বুড়িচং,কুমিল্লা', '০১৯৮৪-৮৬৩৪৫৩', '', '', 'মোঃ ওয়ালিউল্লাহ', '', '5', 5, 116, 'কিতাব-৭৩', 0, 0, '', '', '', '', 'শিক্ষক নির্বাচন করুন', 'মোঃ নাইমুল ইসলাম', '', 'সাদকপুর,পীরযাত্রাপুর,বুড়িচং,কুমিল্লা', '', 1, 1, 0, '2018-08-10 22:04:45', '2018-08-10 22:04:45'),
(123, 'মোঃ আব্দুল মান্নান', '', 'male', '', '', 'চিটুয়া,বৈরাটি,কেন্দুয়া,নেত্রকোনা', '০১৯৯৯-৪৬৩৩৯০', '', '', 'মোঃ সাইফুল ইসলাম', '', '5', 5, 117, 'কিতাব-৭৪', 0, 0, '', '', '', '', 'শিক্ষক নির্বাচন করুন', 'মোঃ আব্দুল মান্নান', '', 'চিটুয়া,বৈরাটি,কেন্দুয়া,নেত্রকোনা', '', 1, 1, 0, '2018-08-10 22:04:45', '2018-08-10 22:04:45'),
(124, 'মোঃ জাকারিয়া', '', 'male', '', '', 'কচুয়া,কচুয়া,সখিপুর,টাংগাইল', '০১৬৩৬-৪৫০৪০০', '', '', 'মোঃ বাবুল মিয়া', '', '5', 5, 118, 'কিতাব-৭৫', 0, 0, '', '', '', '', 'শিক্ষক নির্বাচন করুন', 'মোঃ জাকারিয়া', '', 'কচুয়া,কচুয়া,সখিপুর,টাংগাইল', '', 1, 1, 0, '2018-08-10 22:04:45', '2018-08-10 22:04:45'),
(125, 'মোঃ ওমর ফারুক', '', 'male', '', '', 'বংশীপুর,ঈশ^রীপুর,শ্যমনগর,সাতক্ষীরা', '০১৯৫৯-২৬৮১২৫', '', '', 'মোঃ আব্দুল গনি গাজী', '', '4', 4, 119, 'কিতাব-৭৬', 0, 0, '', '', '', '', 'শিক্ষক নির্বাচন করুন', 'মোঃ ওমর ফারুক', '', 'বংশীপুর,ঈশ^রীপুর,শ্যমনগর,সাতক্ষীরা', '', 1, 1, 0, '2018-08-10 22:04:45', '2018-08-10 22:04:45'),
(126, 'মোঃ মুস্তাইন বিল্লাহ', '', 'male', '', '', 'বারৈইকান্দি,গুজিরকোনা,দূর্গাপুর,নেত্রকোনা', '০১৭১৬-৩৬৪৩৬৬', '', '', 'মোঃ আনোয়ার হোসাইন', '', '4', 4, 120, 'কিতাব-৭৭', 0, 0, '', '', '', '', 'শিক্ষক নির্বাচন করুন', 'মোঃ মুস্তাইন বিল্লাহ', '', 'বারৈইকান্দি,গুজিরকোনা,দূর্গাপুর,নেত্রকোনা', '', 1, 1, 0, '2018-08-10 22:04:45', '2018-08-10 22:04:45'),
(127, 'মোঃ যোবাইর আহমাদ', '', 'male', '', '', 'বরকরই,নবাবপুর,চান্দিনা,কুমিল্লা', '০১৬৮৩-০৪৪৩৪৪', '', '', 'মোঃ সাহেব আলী', '', '4', 4, 121, 'কিতাব-৭৮', 0, 0, '', '', '', '', 'শিক্ষক নির্বাচন করুন', 'মোঃ যোবাইর আহমাদ', '', 'বরকরই,নবাবপুর,চান্দিনা,কুমিল্লা', '', 1, 1, 0, '2018-08-10 22:04:45', '2018-08-10 22:04:45'),
(128, 'মোঃ আব্দুল্লাহ বিন শফি', '', 'male', '', '', 'খুকশিয়া,শষ্যমেলা,মুক্তাগাছা,মোমেনশাহী', '০১৬২৩-০৫৯০০৯', '', '', 'মোঃ শফি উদ্দীন', '', '4', 4, 122, 'কিতাব-৭৯', 0, 0, '', '', '', '', 'শিক্ষক নির্বাচন করুন', 'মোঃ আব্দুল্লাহ বিন শফি', '', 'খুকশিয়া,শষ্যমেলা,মুক্তাগাছা,মোমেনশাহী', '', 1, 1, 0, '2018-08-10 22:04:45', '2018-08-10 22:04:45'),
(129, 'মোঃ আবু বকর', '', 'male', '', '', 'চরলাপাং,নবীনগর,নবীনগর,বি-বাড়িয়া', '০১৯১৩-২৭২২৬৭', '', '', 'মোঃ আবু ওসমান', '', '4', 4, 123, 'কিতাব-৮০', 0, 0, '', '', '', '', 'শিক্ষক নির্বাচন করুন', 'মোঃ আবু বকর', '', 'চরলাপাং,নবীনগর,নবীনগর,বি-বাড়িয়া', '', 1, 1, 0, '2018-08-10 22:04:45', '2018-08-10 22:04:45'),
(130, 'মোঃ মাহমুদুল হাসান', '', 'male', '', '', 'দূর্গাপুর,চরগোয়ালী,দাউদকান্দি,কুমিল্লা', '০১৮১৭-৬২৭৯৪৯', '', '', 'মোঃ সুরুজ ভুঁঞা', '', '4', 4, 124, 'কিতাব-৮১', 0, 0, '', '', '', '', 'শিক্ষক নির্বাচন করুন', 'মোঃ মাহমুদুল হাসান', '', 'দূর্গাপুর,চরগোয়ালী,দাউদকান্দি,কুমিল্লা', '', 1, 1, 0, '2018-08-10 22:04:45', '2018-08-10 22:04:45'),
(131, 'মোঃ মিকাঈল হোসাইন', '', 'male', '', '', 'ডোমরাকান্দা,ভাকুর্তা,সাভার,ঢাকা', '০১৭২৫-৮৮৪৪১২', '', '', 'মোঃ বাবুল হোসাইন', '', '4', 4, 125, 'কিতাব-৮২', 0, 0, '', '', '', '', 'শিক্ষক নির্বাচন করুন', 'মোঃ মিকাঈল হোসাইন', '', 'ডোমরাকান্দা,ভাকুর্তা,সাভার,ঢাকা', '', 1, 1, 0, '2018-08-10 22:04:45', '2018-08-10 22:04:45'),
(132, 'মোঃ হাসিবুর রহমান', '', 'male', '', '', 'তারাটি,তারাটি মধ্যপাড়া,মুক্তাগাছা,মোমেনশাহী', '০১৭২২-৯৪৪৮২১', '', '', 'মোঃ আবু রায়হান', '', '3', 3, 126, 'কিতাব-৮৩', 0, 0, '', '', '', '', 'শিক্ষক নির্বাচন করুন', 'মোঃ হাসিবুর রহমান', '', 'তারাটি,তারাটি মধ্যপাড়া,মুক্তাগাছা,মোমেনশাহী', '', 1, 1, 0, '2018-08-10 22:04:45', '2018-08-10 22:04:45'),
(133, 'মোঃ মুত্তাহির', '', 'male', '', '', 'আমানাতপুর,নাজিরপুর,বেগমগঞ্জ,নোয়াখালী', '০১৮৪৫-৭০১০৬৭', '', '', 'মোঃ মোস্তফা কামাল', '', '3', 3, 127, 'কিতাব-৮৪', 0, 0, '', '', '', '', 'শিক্ষক নির্বাচন করুন', 'মোঃ মুত্তাহির', '', 'আমানাতপুর,নাজিরপুর,বেগমগঞ্জ,নোয়াখালী', '', 1, 1, 0, '2018-08-10 22:04:45', '2018-08-10 22:04:45'),
(134, 'মোঃ হাফিজুর রহমান', '', 'male', '', '', 'উজানী জোড়া,বল্লভপুর,দেবিদ্বার,কুমিল্লা', '০১৯১৪-৪৭৯৩১৬', '', '', 'মোঃ আব্দুল আলীম', '', '17', 16, 128, 'হিফয-১', 0, 0, '', '', '', '', 'শিক্ষক নির্বাচন করুন', 'মোঃ হাফিজুর রহমান', '', 'উজানী জোড়া,বল্লভপুর,দেবিদ্বার,কুমিল্লা', '', 1, 1, 0, '2018-08-10 22:04:45', '2018-08-10 22:04:45'),
(135, 'মোঃ সাজিদ খাঁন', '', 'male', '', '', 'ঘোপের ডাঙ্গা,খাদেমুল ইসলাম,টুঙ্গিপাড়া,গোপালগঞ্জ', '০১৯৩৭-২৪৮৬৫৬', '', '', 'মোঃ আব্দুল কাইয়ুম', '', '17', 16, 129, 'হিফয-২', 0, 0, '', '', '', '', 'শিক্ষক নির্বাচন করুন', 'মোঃ সাজিদ খাঁন', '', 'ঘোপের ডাঙ্গা,খাদেমুল ইসলাম,টুঙ্গিপাড়া,গোপালগঞ্জ', '', 1, 1, 0, '2018-08-10 22:04:45', '2018-08-10 22:04:45'),
(136, 'মোঃ বায়েজিদ খাঁন', '', 'male', '', '', 'ঘোপের ডাঙ্গা,খাদেমুল ইসলাম,টুঙ্গিপাড়া,গোপালগঞ্জ', '০১৯৩৭-২৪৮৬৫৬', '', '', 'মোঃ আব্দুল কাইয়ুম', '', '17', 16, 129, 'হিফয-৩', 0, 0, '', '', '', '', 'শিক্ষক নির্বাচন করুন', 'মোঃ বায়েজিদ খাঁন', '', 'ঘোপের ডাঙ্গা,খাদেমুল ইসলাম,টুঙ্গিপাড়া,গোপালগঞ্জ', '', 1, 1, 0, '2018-08-10 22:04:45', '2018-08-10 22:04:45'),
(137, 'মোঃ আবু সাইদ', '', 'male', '', '', 'চর দুর্গাপুর,টেগেরহাট,হিজলা,বরিশাল', '০১৭৫৮-১০৫ ৪০০', '', '', 'মোঃ রফিকুল ইসলাম', '', '17', 16, 31, 'হিফয-৪', 0, 0, '', '', '', '', 'শিক্ষক নির্বাচন করুন', 'মোঃ আবু সাইদ', '', 'চর দুর্গাপুর,টেগেরহাট,হিজলা,বরিশাল', '', 1, 1, 0, '2018-08-10 22:04:45', '2018-08-10 22:04:45'),
(138, 'মোঃ সালমান এ রহমান', '', 'male', '', '', '৩৯৬	,দক্ষিণ পাইকপাড়া,মিরপুর,ঢাকা', '০১৭১৫-৩৯৯০৩৮', '', '', 'আব্দুল মোতালেব মিয়া', '', '17', 16, 130, 'হিফয-৫', 0, 0, '', '', '', '', 'শিক্ষক নির্বাচন করুন', 'মোঃ সালমান এ রহমান', '', '৩৯৬	,দক্ষিণ পাইকপাড়া,মিরপুর,ঢাকা', '', 1, 1, 0, '2018-08-10 22:04:45', '2018-08-10 22:04:45'),
(139, 'মোঃ সাব্বির কাজী', '', 'male', '', '', 'গনিয়ারি,নওহাটা বাজার,মোকসুদপুর,গোপালগঞ্জ', '০১৭৪৭-৬২৭০৪২', '', '', 'মোঃ মফিজ কাজী', '', '17', 16, 131, 'হিফয-৬', 0, 0, '', '', '', '', 'শিক্ষক নির্বাচন করুন', 'মোঃ সাব্বির কাজী', '', 'গনিয়ারি,নওহাটা বাজার,মোকসুদপুর,গোপালগঞ্জ', '', 1, 1, 0, '2018-08-10 22:04:45', '2018-08-10 22:04:45'),
(140, 'মোঃ নোমান', '', 'male', '', '', 'নেয়ামতপুর,নেয়ামতপুর,করিমগঞ্জ,কিশোরগঞ্জ', '০১৯২৪-১৭৯৫৬২', '', '', 'মোঃ কামরুল ইসলাম', '', '17', 16, 132, 'হিফয-৮', 0, 0, '', '', '', '', 'শিক্ষক নির্বাচন করুন', 'মোঃ নোমান', '', 'নেয়ামতপুর,নেয়ামতপুর,করিমগঞ্জ,কিশোরগঞ্জ', '', 1, 1, 0, '2018-08-10 22:04:45', '2018-08-10 22:04:45'),
(141, 'মোঃ ওমর ফারুক সাদ ভুইয়া', '', 'male', '', '', 'হোসেনপুর,ঘাগড়া,মিঠামন,কিশোরগঞ্জ', '০১৯২৫-৯২৮১৬৪', '', '', 'মোঃ মোস্তফা জামাল ভুইয়া', '', '17', 16, 133, 'হিফয-১০', 0, 0, '', '', '', '', 'শিক্ষক নির্বাচন করুন', 'মোঃ ওমর ফারুক সাদ ভুইয়া', '', 'হোসেনপুর,ঘাগড়া,মিঠামন,কিশোরগঞ্জ', '', 1, 1, 0, '2018-08-10 22:04:45', '2018-08-10 22:04:45'),
(142, 'মোঃ সফিন খান ফাহিম', '', 'male', '', '', '২২০/এম,দক্ষিণ পীরেরবাগ,মিরপুর,ঢাকা', '০১৭১৬-৫৮৩১০৭', '', '', 'মোঃ শাহীন খান উজ্জল', '', '17', 16, 134, 'হিফয-১১', 0, 0, '', '', '', '', 'শিক্ষক নির্বাচন করুন', 'মোঃ সফিন খান ফাহিম', '', '২২০/এম,দক্ষিণ পীরেরবাগ,মিরপুর,ঢাকা', '', 1, 1, 0, '2018-08-10 22:04:45', '2018-08-10 22:04:45'),
(143, 'মোঃ তানভীর হোসেন (হৃদয়)', '', 'male', '', '', 'নজুমিয়া হাজী বাড়ী,আব্দুল্লাপুর,বেগমগঞ্জ,নোয়াখালী', '০১৮১৮-৫৮২৪৮৯', '', '', 'মোঃ হাসনাত উল্লাহ দুলাল', '', '17', 16, 135, 'হিফয-১২', 0, 0, '', '', '', '', 'শিক্ষক নির্বাচন করুন', 'মোঃ তানভীর হোসেন (হৃদয়)', '', 'নজুমিয়া হাজী বাড়ী,আব্দুল্লাপুর,বেগমগঞ্জ,নোয়াখালী', '', 1, 1, 0, '2018-08-10 22:04:45', '2018-08-10 22:04:45'),
(144, 'dfhsdfsafd', '2018-04-13', 'male', 'sdfsfd', 'dsf', 'sfds', 'dfss', 'arafat', '1234', 'fsdfsf', 'sdfsdf', '20', 19, 21, '12345', 0, 0, '', '', '', '2018-04-17', '19', 'dfsfsd', 'fdsff', 'sfs', 'dfsf', 1, 1, 0, '2018-08-10 22:04:45', '2018-08-10 22:04:45'),
(145, 'Abdullah Muhammad Taiyeb', '', 'male', '', '', 'হাজীনগর, সারুলিয়া, ডেমরা, ঢাকা-১৩৬১', '01911216026', '', '123456', 'সুলতান মাহমুদুর রহমান', 'আয়েশা সুলতানা মাহমুদ', '16', 15, 0, '01', 0, 0, '', '', '', '', '5', 'আব্দুল্লাহ মুহাম্মাদ তৈয়ব', '', 'হাজীনগর, সারুলিয়া, ডেমরা, ঢাকা-১৩৬১', '', 1, 1, 0, '2018-08-10 22:04:45', '2018-08-10 22:04:45'),
(146, 'dddDd', '', 'male', NULL, '', '', '', '', 'mainul', '', '', '16', 0, 0, '339', 0, 0, NULL, NULL, NULL, NULL, NULL, 'ADD', '', '', '', 0, 1, 0, '2018-09-03 00:30:31', '2018-09-03 00:30:31'),
(147, 'dddDd', '', 'male', NULL, '', '', '', '', 'mainul', '', '', '16', 0, 0, '339', 0, 0, NULL, NULL, NULL, NULL, NULL, 'ADD', '', '', '', 0, 1, 0, '2018-09-03 00:30:31', '2018-09-03 00:30:31'),
(148, 'dddDd', '', 'male', NULL, '', '', '', 'mainul@dasd.com', 'mainul', '', '', '16', 0, 0, '330', 0, 0, NULL, NULL, NULL, NULL, NULL, 'ddhjkd', 'uyw6equhqere', '', '', 0, 1, 0, '2018-09-03 00:33:05', '2018-09-03 00:33:05'),
(149, 'dddDd', '', 'male', NULL, '', '', '', 'mainul@dasd.com', 'mainul', '', '', '16', 0, 0, '330', 0, 0, NULL, NULL, NULL, NULL, NULL, 'ddhjkd', 'uyw6equhqere', '', '', 0, 1, 0, '2018-09-03 00:33:05', '2018-09-03 00:33:05'),
(150, 'jhdkjs', '', 'male', NULL, '', '', '', '', 'mainul', '', '', '16', 0, 0, '339', 0, 0, NULL, NULL, NULL, NULL, NULL, 'ddhjkd', '', '', '', 0, 1, 0, '2018-09-03 00:35:21', '2018-09-03 00:35:21');
INSERT INTO `student` (`student_id`, `name_english`, `birthday`, `gender`, `religion`, `blood`, `present_address`, `phone`, `email`, `password`, `father_name`, `mother_name`, `class_id`, `section_id`, `parent_id`, `roll`, `transport_id`, `dormitory_id`, `dormitory_room_number`, `authentication_key`, `photo`, `addmission_date`, `responsible_teacher`, `name_bangla`, `nid`, `permanent_address`, `birth_registration`, `session_id`, `status`, `promote`, `created_at`, `updated_at`) VALUES
(151, 'jhdkjs', '', 'male', NULL, '', '', '', '', 'mainul', '', '', '15', 0, 0, '3392', 0, 0, NULL, NULL, NULL, NULL, NULL, 'ddhjkd', '', '', '', 0, 1, 0, '2018-09-03 00:35:55', '2018-09-03 00:35:55'),
(152, 'dddDd', '', 'male', NULL, '', '', '', '', 'mainul', 'dsdkjefrew', '', '16', 0, 0, '339', 0, 0, NULL, NULL, NULL, NULL, NULL, 'ADD', '', '', '', 0, 1, 0, '2018-09-03 00:40:17', '2018-09-03 00:40:17');

-- --------------------------------------------------------

--
-- Table structure for table `student_leave_history`
--

CREATE TABLE `student_leave_history` (
  `leave_history_id` int(11) NOT NULL,
  `student_id` int(11) NOT NULL,
  `class_id` int(11) NOT NULL,
  `leave_head` text COLLATE utf8_unicode_ci NOT NULL,
  `apply_date` date NOT NULL,
  `status` int(11) NOT NULL COMMENT '0=reject,1=approve,2=pending',
  `applied_day_amount` int(11) NOT NULL,
  `leave_date` date NOT NULL,
  `comment` text COLLATE utf8_unicode_ci NOT NULL,
  `leave_accepted_amount` int(11) NOT NULL,
  `approval_staff_id` int(11) NOT NULL,
  `session_id` int(11) NOT NULL DEFAULT '0',
  `created_at` datetime NOT NULL DEFAULT CURRENT_TIMESTAMP,
  `updated_at` datetime NOT NULL DEFAULT CURRENT_TIMESTAMP
) ENGINE=MyISAM DEFAULT CHARSET=utf8 COLLATE=utf8_unicode_ci;

--
-- Dumping data for table `student_leave_history`
--

INSERT INTO `student_leave_history` (`leave_history_id`, `student_id`, `class_id`, `leave_head`, `apply_date`, `status`, `applied_day_amount`, `leave_date`, `comment`, `leave_accepted_amount`, `approval_staff_id`, `session_id`, `created_at`, `updated_at`) VALUES
(1, 2, 15, '432fsggsafnmhjrgfd', '2018-01-08', 1, 2, '2017-12-31', 'waregfcs', 2, 4, 0, '2018-08-10 22:05:37', '2018-08-10 22:05:37'),
(2, 2, 15, 'gf,hd,hmkl', '2018-01-19', 1, 1, '0000-00-00', 'ewkjifd', 1, 4, 0, '2018-08-10 22:05:37', '2018-08-10 22:05:37');

-- --------------------------------------------------------

--
-- Table structure for table `subject`
--

CREATE TABLE `subject` (
  `subject_id` int(11) NOT NULL,
  `name` varchar(255) COLLATE utf8_unicode_ci NOT NULL,
  `symbol` text COLLATE utf8_unicode_ci NOT NULL,
  `class_id` int(11) NOT NULL,
  `teacher_id` int(11) DEFAULT NULL,
  `status` int(2) NOT NULL DEFAULT '1' COMMENT '0=enable;1=disable;',
  `session_id` int(11) NOT NULL DEFAULT '0',
  `created_at` datetime NOT NULL DEFAULT CURRENT_TIMESTAMP,
  `updated_at` datetime NOT NULL DEFAULT CURRENT_TIMESTAMP
) ENGINE=InnoDB DEFAULT CHARSET=utf8 COLLATE=utf8_unicode_ci;

--
-- Dumping data for table `subject`
--

INSERT INTO `subject` (`subject_id`, `name`, `symbol`, `class_id`, `teacher_id`, `status`, `session_id`, `created_at`, `updated_at`) VALUES
(1, 'কুরআন ও তাজবীদ', 'কুরঃ ও তাজঃ', 15, 1, 1, 0, '2018-08-10 22:06:54', '2018-08-10 22:06:54'),
(2, 'হাদিস শরীফ', 'হাদিস', 15, 1, 1, 0, '2018-08-10 22:06:54', '2018-08-10 22:06:54'),
(3, 'মাসাআলা', 'মাসাআলা', 15, 1, 1, 0, '2018-08-10 22:06:54', '2018-08-10 22:06:54'),
(4, 'মাসনূন দুআ', 'মাসঃ দুআ', 15, 1, 1, 0, '2018-08-10 22:06:54', '2018-08-10 22:06:54'),
(6, 'বাংলা', 'বাং', 15, 1, 1, 0, '2018-08-10 22:06:54', '2018-08-10 22:06:54'),
(7, 'গণিত', 'গণিত', 15, 1, 1, 0, '2018-08-10 22:06:54', '2018-08-10 22:06:54'),
(9, 'ইংরেজি', 'ইং', 15, 1, 1, 0, '2018-08-10 22:06:54', '2018-08-10 22:06:54'),
(10, 'সাধারণ জ্ঞাণ', 'সাঃ জ্ঞাণ', 15, 1, 1, 0, '2018-08-10 22:06:54', '2018-08-10 22:06:54'),
(11, 'অঙ্কন', 'অঙ্কন', 15, 1, 1, 0, '2018-08-10 22:06:54', '2018-08-10 22:06:54'),
(12, 'কুরআন ও তাজবীদ', 'কুরঃ ও তাজঃ', 14, 1, 1, 0, '2018-08-10 22:06:54', '2018-08-10 22:06:54'),
(13, 'হাদিস শরীফ', 'হাদিস', 14, 1, 1, 0, '2018-08-10 22:06:54', '2018-08-10 22:06:54'),
(14, 'মাসাআলা', 'মাসাঃ', 14, 1, 1, 0, '2018-08-10 22:06:54', '2018-08-10 22:06:54'),
(15, 'মাসনূন দুআ', 'মাসঃ দুআ', 14, 1, 1, 0, '2018-08-10 22:06:54', '2018-08-10 22:06:54'),
(16, 'বাংলা', 'বাং', 14, 1, 1, 0, '2018-08-10 22:06:54', '2018-08-10 22:06:54'),
(17, 'গণিত', 'গণিত', 14, 1, 1, 0, '2018-08-10 22:06:54', '2018-08-10 22:06:54'),
(18, 'ইংরেজি', 'ইং', 14, 1, 1, 0, '2018-08-10 22:06:54', '2018-08-10 22:06:54'),
(19, 'সাধারণ জ্ঞাণ', 'সাঃ জ্ঞাণ', 14, 1, 1, 0, '2018-08-10 22:06:54', '2018-08-10 22:06:54'),
(20, 'অঙ্কন', 'অঙ্কন', 14, 1, 1, 0, '2018-08-10 22:06:54', '2018-08-10 22:06:54'),
(22, 'কুরআন ও তাজবীদ', 'কুরঃ ও তাজঃ', 13, 1, 1, 0, '2018-08-10 22:06:54', '2018-08-10 22:06:54'),
(23, 'হাদিস শরীফ', 'হাদিস', 13, 1, 1, 0, '2018-08-10 22:06:54', '2018-08-10 22:06:54'),
(24, 'মাসাআলা', 'মাসাঃ', 13, 1, 1, 0, '2018-08-10 22:06:54', '2018-08-10 22:06:54'),
(25, 'মাসনূন দুআ', 'মাসঃ দুআ', 13, 1, 1, 0, '2018-08-10 22:06:54', '2018-08-10 22:06:54'),
(27, 'বাংলা ১ম পত্র', 'বাং ১ম', 13, 1, 1, 0, '2018-08-10 22:06:54', '2018-08-10 22:06:54'),
(28, 'বাংলা ২য় পত্র', 'বাং ২য়', 13, 1, 1, 0, '2018-08-10 22:06:54', '2018-08-10 22:06:54'),
(29, 'অংক', 'অং', 13, 1, 1, 0, '2018-08-10 22:06:54', '2018-08-10 22:06:54'),
(30, 'ইংরেজি', 'ইং', 13, 1, 1, 0, '2018-08-10 22:06:54', '2018-08-10 22:06:54'),
(31, 'ভূগোল ও সমাজ পরিচিতি', 'ভূঃ ও সঃ', 13, 1, 1, 0, '2018-08-10 22:06:54', '2018-08-10 22:06:54'),
(32, 'ইতিহাস পাঠ', 'ইতিঃ', 13, 1, 1, 0, '2018-08-10 22:06:54', '2018-08-10 22:06:54'),
(33, 'কুরআনুল কারীম', 'কুরঃ', 12, 1, 1, 0, '2018-08-10 22:06:54', '2018-08-10 22:06:54'),
(34, 'তাজবীদ', 'তাজঃ', 12, 1, 1, 0, '2018-08-10 22:06:54', '2018-08-10 22:06:54'),
(35, 'মাসআলা', 'মাসঃ', 12, 1, 1, 0, '2018-08-10 22:06:54', '2018-08-10 22:06:54'),
(36, 'কুরআনুল কারীম', 'কুরঃ', 11, 1, 1, 0, '2018-08-10 22:06:54', '2018-08-10 22:06:54'),
(37, 'বিজ্ঞান ও কম্পিউটার', 'বিঃ ও কঃ', 11, 1, 1, 0, '2018-08-10 22:06:54', '2018-08-10 22:06:54'),
(38, 'উর্দূ কায়েদা', 'উর্দূ', 11, 1, 1, 0, '2018-08-10 22:06:54', '2018-08-10 22:06:54'),
(39, 'ইসলামী তাহযীব ও তালিমুল ইসলাম', 'তাহঃ ও তালিঃ', 11, 1, 1, 0, '2018-08-10 22:06:54', '2018-08-10 22:06:54'),
(40, 'বাংলা', 'বাং', 11, 1, 1, 0, '2018-08-10 22:06:54', '2018-08-10 22:06:54'),
(41, 'অংক', 'অং', 11, 1, 1, 0, '2018-08-10 22:06:54', '2018-08-10 22:06:54'),
(42, 'ইংরেজি', 'ইং', 11, 1, 1, 0, '2018-08-10 22:06:54', '2018-08-10 22:06:54'),
(43, 'ভূগোল ও সমাজ পরিচিতি ও ইতিহাস পাঠ', 'ভূঃ সঃও ইঃ', 11, 1, 1, 0, '2018-08-10 22:06:54', '2018-08-10 22:06:54'),
(44, 'কুরআনুল কারীম ও তাজবীদ', 'কুরঃ ও তাজঃ', 10, 1, 1, 0, '2018-08-10 22:06:54', '2018-08-10 22:06:54'),
(45, 'এসো আরবী শিখি', 'আরবী', 10, 1, 1, 0, '2018-08-10 22:06:54', '2018-08-10 22:06:54'),
(46, 'ফারসী কি পহেলী কিতাব', 'ফারসী', 10, 1, 1, 0, '2018-08-10 22:06:54', '2018-08-10 22:06:54'),
(47, 'তালিমুল ইসলাম ও ইসলামী তাহযীব', 'তালিঃ ও তাহঃ', 10, 1, 1, 0, '2018-08-10 22:06:54', '2018-08-10 22:06:54'),
(48, 'বাংলা', 'বাং', 10, 1, 1, 0, '2018-08-10 22:06:54', '2018-08-10 22:06:54'),
(49, 'অংক', 'অং', 10, 1, 1, 0, '2018-08-10 22:06:54', '2018-08-10 22:06:54'),
(50, 'ইংরেজি', 'ইং', 10, 1, 1, 0, '2018-08-10 22:06:54', '2018-08-10 22:06:54'),
(51, 'ভূগোল ও সমাজ পরিচিতি ও ইতিহাস পাঠ', 'ভূঃ সঃও ইঃ', 10, 1, 1, 0, '2018-08-10 22:06:54', '2018-08-10 22:06:54'),
(52, 'মিজানুস সরফ', 'মিঃ সঃ', 9, 1, 1, 0, '2018-08-10 22:06:54', '2018-08-10 22:06:54'),
(53, 'এসো আরবী শিখি', 'আরবী', 9, 1, 1, 0, '2018-08-10 22:06:54', '2018-08-10 22:06:54'),
(54, 'বেহেশতী গাওহার', 'বেঃ গাঃ', 9, 1, 1, 0, '2018-08-10 22:06:54', '2018-08-10 22:06:54'),
(55, 'তারিখুল ইসলাম', 'তাঃ ইঃ', 9, 1, 1, 0, '2018-08-10 22:06:54', '2018-08-10 22:06:54'),
(56, 'তাইসীরুল মুবতাদী ও ফারসী পহেলী', 'তাঃ মুঃ ও ফাঃ', 9, 1, 1, 0, '2018-08-10 22:06:54', '2018-08-10 22:06:54'),
(57, 'বাংলা', 'বাং', 9, 1, 1, 0, '2018-08-10 22:06:54', '2018-08-10 22:06:54'),
(58, 'অংক', 'অং', 9, 1, 1, 0, '2018-08-10 22:06:54', '2018-08-10 22:06:54'),
(59, 'ইংরেজি', 'ইং', 9, 1, 1, 0, '2018-08-10 22:06:54', '2018-08-10 22:06:54'),
(60, 'নাহবেমির ও ইলমুস সরফ', 'নাঃ ও ইঃ সঃ', 8, 1, 1, 0, '2018-08-10 22:06:54', '2018-08-10 22:06:54'),
(61, 'শরহে মিয়াতে আমেল', 'শঃ মিঃ আঃ', 8, 1, 1, 0, '2018-08-10 22:06:54', '2018-08-10 22:06:54'),
(62, 'রওজাতুল আদব', 'রঃ আঃ', 8, 1, 1, 0, '2018-08-10 22:06:54', '2018-08-10 22:06:54'),
(63, 'মালাবুদ্দা মিনহু', 'মাঃ মিঃ', 8, 1, 1, 0, '2018-08-10 22:06:54', '2018-08-10 22:06:54'),
(64, 'গুলিস্তা', 'গুঃ', 8, 1, 1, 0, '2018-08-10 22:06:54', '2018-08-10 22:06:54'),
(65, 'সিরাত', 'সিঃ', 8, 1, 1, 0, '2018-08-10 22:06:54', '2018-08-10 22:06:54'),
(66, 'বাংলা', 'বাং', 8, 1, 1, 0, '2018-08-10 22:06:54', '2018-08-10 22:06:54'),
(67, 'অংক', 'অং', 8, 1, 1, 0, '2018-08-10 22:06:54', '2018-08-10 22:06:54'),
(68, 'ইংরেজি', 'ইং', 8, 1, 1, 0, '2018-08-10 22:06:54', '2018-08-10 22:06:54'),
(69, 'তরজমাতুল কুরআন', 'তঃ কুঃ', 7, 1, 1, 0, '2018-08-10 22:06:54', '2018-08-10 22:06:54'),
(70, 'নূরুল ইযাহ', 'নূঃ ইঃ', 7, 1, 1, 0, '2018-08-10 22:06:54', '2018-08-10 22:06:54'),
(71, 'হেদায়াতুন নাহু', 'হেঃ নাঃ', 7, 1, 1, 0, '2018-08-10 22:06:54', '2018-08-10 22:06:54'),
(72, 'ইলমুস সীগা', 'ইঃ সীঃ', 7, 1, 1, 0, '2018-08-10 22:06:54', '2018-08-10 22:06:54'),
(73, 'কাসাসুন নাবিয়্যীন', 'কাঃ নাঃ', 7, 1, 1, 0, '2018-08-10 22:06:54', '2018-08-10 22:06:54'),
(74, 'খেলাফতে রাশেদা', 'খেঃ রাঃ', 7, 1, 1, 0, '2018-08-10 22:06:54', '2018-08-10 22:06:54'),
(75, 'বাংলা', 'বাং', 7, 1, 1, 0, '2018-08-10 22:06:54', '2018-08-10 22:06:54'),
(76, 'অংক', 'অং', 7, 1, 1, 0, '2018-08-10 22:06:54', '2018-08-10 22:06:54'),
(77, 'ইংরেজি', 'ইং', 7, 1, 1, 0, '2018-08-10 22:06:54', '2018-08-10 22:06:54'),
(78, 'তরজমাতুল কুরআন', 'তঃ কুঃ', 6, 1, 1, 0, '2018-08-10 22:06:54', '2018-08-10 22:06:54'),
(79, 'ফয়জুল কালাম', 'ফঃ কাঃ', 6, 1, 1, 0, '2018-08-10 22:06:54', '2018-08-10 22:06:54'),
(80, 'কুদূরী', 'কুঃ', 6, 1, 1, 0, '2018-08-10 22:06:54', '2018-08-10 22:06:54'),
(81, 'উসূলুশ শাশী', 'উঃ শাঃ', 6, 1, 1, 0, '2018-08-10 22:06:54', '2018-08-10 22:06:54'),
(82, 'কাফিয়া', 'কাঃ', 6, 1, 1, 0, '2018-08-10 22:06:54', '2018-08-10 22:06:54'),
(83, 'দুরুসুল বালাগাত', 'দুঃ বাঃ', 6, 1, 1, 0, '2018-08-10 22:06:54', '2018-08-10 22:06:54'),
(84, 'নফহা ও তালিম', 'নঃ ও তাঃ', 6, 1, 1, 0, '2018-08-10 22:06:54', '2018-08-10 22:06:54'),
(85, 'খেলাফতে বনু উমাইয়া ও বাংলা', 'খেঃ বঃ উঃ ও বাং', 6, 1, 1, 0, '2018-08-10 22:06:54', '2018-08-10 22:06:54'),
(86, 'তরজমাতুল কুরআন', 'তঃ কুঃ', 5, 1, 1, 0, '2018-08-10 22:06:54', '2018-08-10 22:06:54'),
(87, 'শরহে বেকায়া-১ম', 'শঃ বেঃ ১ম', 5, 1, 1, 0, '2018-08-10 22:06:54', '2018-08-10 22:06:54'),
(88, 'শরহে বেকায়া-২য়', 'শঃ বেঃ ২য়', 5, 1, 1, 0, '2018-08-10 22:06:54', '2018-08-10 22:06:54'),
(89, 'নূরুল আনওয়ার', 'নূঃ আঃ', 5, 1, 1, 0, '2018-08-10 22:06:54', '2018-08-10 22:06:54'),
(90, 'মুখতাসারুল মাআনী', 'মুঃ মাঃ', 5, 1, 1, 0, '2018-08-10 22:06:54', '2018-08-10 22:06:54'),
(91, 'মাকামাতে হারীরী', 'মাঃ হাঃ', 5, 1, 1, 0, '2018-08-10 22:06:54', '2018-08-10 22:06:54'),
(92, 'আত তরীক ইলাল ইনশা', 'আঃ তঃ ইঃ ইঃ', 5, 1, 1, 0, '2018-08-10 22:06:54', '2018-08-10 22:06:54'),
(93, 'সিরাজী', 'সি', 5, 1, 1, 0, '2018-08-10 22:06:54', '2018-08-10 22:06:54'),
(94, 'জালালাইন-১ম', 'জাঃ ১ম', 4, 1, 1, 0, '2018-08-10 22:06:54', '2018-08-10 22:06:54'),
(95, 'জালালাইন-২য়', 'জাঃ ২য়', 4, 1, 1, 0, '2018-08-10 22:06:54', '2018-08-10 22:06:54'),
(96, 'আলফাউযুল কাবীর ও অর্থনীতি', 'আঃ কাঃ ও অঃ', 4, 1, 1, 0, '2018-08-10 22:06:54', '2018-08-10 22:06:54'),
(97, 'হেদায়া-১ম', 'হেঃ ১ম', 4, 1, 1, 0, '2018-08-10 22:06:54', '2018-08-10 22:06:54'),
(98, 'হেদায়া-২য়', 'হেঃ ২য়', 4, 1, 1, 0, '2018-08-10 22:06:54', '2018-08-10 22:06:54'),
(100, 'নূরুল আনওয়ার', 'নূঃ আঃ', 4, 1, 1, 0, '2018-08-10 22:06:54', '2018-08-10 22:06:54'),
(101, 'মুখতারাত', 'মুঃ', 4, 1, 1, 0, '2018-08-10 22:06:54', '2018-08-10 22:06:54'),
(102, 'আকিদাতুত তহাবী', 'আঃ তঃ', 4, 1, 1, 0, '2018-08-10 22:06:54', '2018-08-10 22:06:54'),
(103, 'তাফসীরে বাইযাবী', 'তাঃ বাঃ', 3, 5, 1, 0, '2018-08-10 22:06:54', '2018-08-10 22:06:54'),
(106, 'মেশকাত ১ম ও ২য়', 'মেঃ ১ম ও ২য়', 3, 1, 1, 0, '2018-08-10 22:06:54', '2018-08-10 22:06:54'),
(107, 'মেশকাত-৩য়', 'মেঃ ৩য়', 3, 1, 1, 0, '2018-08-10 22:06:54', '2018-08-10 22:06:54'),
(108, 'মেশকাত-৪র্থ', 'মেঃ ৪র্থ', 3, 1, 1, 0, '2018-08-10 22:06:54', '2018-08-10 22:06:54'),
(109, 'শরহে নুখবাহ', 'শঃ নুঃ', 3, 1, 1, 0, '2018-08-10 22:06:54', '2018-08-10 22:06:54'),
(110, 'হেদায়া-৩য়', 'হেঃ ৩য়', 3, 1, 1, 0, '2018-08-10 22:06:54', '2018-08-10 22:06:54'),
(111, 'হেদায়া-৪র্থ', 'হেঃ ৪র্থ', 3, 1, 1, 0, '2018-08-10 22:06:54', '2018-08-10 22:06:54'),
(113, 'শরহে আকায়েদ', 'শঃ আঃ', 3, 1, 1, 0, '2018-08-10 22:06:54', '2018-08-10 22:06:54'),
(114, 'তাহরিক', 'তাঃ', 3, 1, 1, 0, '2018-08-10 22:06:54', '2018-08-10 22:06:54');

-- --------------------------------------------------------

--
-- Table structure for table `teacher`
--

CREATE TABLE `teacher` (
  `teacher_id` int(11) NOT NULL,
  `name` varchar(255) CHARACTER SET utf8 NOT NULL,
  `birthday` varchar(255) COLLATE utf8_unicode_ci NOT NULL,
  `gender` varchar(255) COLLATE utf8_unicode_ci NOT NULL,
  `religion` varchar(255) COLLATE utf8_unicode_ci NOT NULL,
  `blood_group` varchar(255) COLLATE utf8_unicode_ci NOT NULL,
  `present_address` varchar(255) COLLATE utf8_unicode_ci NOT NULL,
  `phone` varchar(255) COLLATE utf8_unicode_ci NOT NULL,
  `email` varchar(255) COLLATE utf8_unicode_ci NOT NULL,
  `password` varchar(255) COLLATE utf8_unicode_ci NOT NULL,
  `designation` varchar(255) COLLATE utf8_unicode_ci DEFAULT NULL,
  `photo` varchar(150) COLLATE utf8_unicode_ci DEFAULT NULL,
  `username` varchar(50) COLLATE utf8_unicode_ci DEFAULT NULL,
  `edu_qualification_1` text COLLATE utf8_unicode_ci NOT NULL,
  `edu_qualification_2` text COLLATE utf8_unicode_ci NOT NULL,
  `edu_qualification_3` text COLLATE utf8_unicode_ci NOT NULL,
  `edu_qualification_4` text COLLATE utf8_unicode_ci NOT NULL,
  `edu_qualification_5` text COLLATE utf8_unicode_ci NOT NULL,
  `experience_1` text COLLATE utf8_unicode_ci NOT NULL,
  `experience_2` text COLLATE utf8_unicode_ci NOT NULL,
  `experience_3` text COLLATE utf8_unicode_ci NOT NULL,
  `experience_4` text COLLATE utf8_unicode_ci NOT NULL,
  `experience_5` text COLLATE utf8_unicode_ci NOT NULL,
  `father` text COLLATE utf8_unicode_ci NOT NULL,
  `mother` text COLLATE utf8_unicode_ci NOT NULL,
  `nid` text COLLATE utf8_unicode_ci NOT NULL,
  `permanent_address` text COLLATE utf8_unicode_ci NOT NULL,
  `marital_status` int(11) NOT NULL,
  `status` int(2) NOT NULL DEFAULT '1' COMMENT '0=enable;1=disable;',
  `session_id` int(11) NOT NULL DEFAULT '0',
  `created_at` datetime NOT NULL DEFAULT CURRENT_TIMESTAMP,
  `updated_at` datetime NOT NULL DEFAULT CURRENT_TIMESTAMP
) ENGINE=InnoDB DEFAULT CHARSET=utf8 COLLATE=utf8_unicode_ci;

--
-- Dumping data for table `teacher`
--

INSERT INTO `teacher` (`teacher_id`, `name`, `birthday`, `gender`, `religion`, `blood_group`, `present_address`, `phone`, `email`, `password`, `designation`, `photo`, `username`, `edu_qualification_1`, `edu_qualification_2`, `edu_qualification_3`, `edu_qualification_4`, `edu_qualification_5`, `experience_1`, `experience_2`, `experience_3`, `experience_4`, `experience_5`, `father`, `mother`, `nid`, `permanent_address`, `marital_status`, `status`, `session_id`, `created_at`, `updated_at`) VALUES
(1, 'মাওলানা আবু আহমাদ আব্দুর রব দা.বা.', '0001-01-01', 'male', '', '', '', '০১৯৩১-১৬৪৯০০', ' ', '', 'মুহতামিম/মুদীর', '', '', 'দাওরায়ে হাদীস=>জামিয়া কোরআনিয়া=>=>=>', 'কামিল=>ঢাকা আলিয়া মাদরাসা=>=>মাদরাসা=>', '=>=>=>=>', '=>=>=>=>', '=>=>=>=>', ' =>=>', '=>=>', '=>=>', '=>=>', '=>=>', '', '', '', '', 1, 1, 0, '2018-08-10 22:08:12', '2018-08-10 22:08:12'),
(2, 'মাওলানা মুহা. আব্দুল মান্নান দা.বা.', '', 'male', '', '', '', '০১৭৫৩-০৯৫৪২৬', '', '', 'নায়েবে মুহতামিম/নাইবুল মুদীর', '', '', 'কামিল=>ধামতি আলিয়া মাদরাসা=>=>মাদরাসা=>', '=>=>=>=>', '=>=>=>=>', '=>=>=>=>', '=>=>=>=>', '=>=>', '=>=>', '=>=>', '=>=>', '=>=>', '', '', '', '', 1, 1, 0, '2018-08-10 22:08:12', '2018-08-10 22:08:12'),
(3, 'মাওলানা মুহা. তাজুল ইসলাম মাদানী', '', 'male', '', '', '', '০১৯১৬-২৯০৯২৭', '', '', 'সদরুল মুদাররিসীন', '', '', 'দাওরায়ে হাদীস=>=>জামিয়া মুহাম্মাদিয়া=>=>', 'মাস্টার্স=>=>দারুল ইহসান বিশ্ববিদ্যালয়=>=>', 'অনার্স=>=>জামিয়া ইসলামিয়া=>=>', 'কামিল=>=>ঢাকা আলিয়া মাদরাসা=>মাদরাসা=>', '=>=>=>=>', '=>=>', '=>=>', '=>=>', '=>=>', '=>=>', '', '', '', '', 1, 1, 0, '2018-08-10 22:08:12', '2018-08-10 22:08:12'),
(4, 'মাওলানা মুহা. নূরুল ইসলাম কাসেমী', '', 'male', '', '', '', '0', '', '', 'উপদেষ্টা', '', '', 'ইফতা=>=>মারকাযুদ দাওয়াহ আল ইসলামিয়া=>=>', 'দাওরায়ে হাদীস=>=>দারুল উলূম দেওবন্দ=>=>', 'দাওরায়ে হাদীস=>=>জামিয়া রাহমানিয়া আরাবিয়া=>=>', '=>=>=>=>', '=>=>=>=>', '=>=>', '=>=>', '=>=>', '=>=>', '=>=>', '', '', '', '', 1, 1, 0, '2018-08-10 22:08:12', '2018-08-10 22:08:12'),
(5, 'মাওলানা সুলতান মাহমুদুর রহমান', '', 'male', '', '', '', '০১৯১১-২১৬০২৬', '', '', 'মুসাঈদুল মুদীর ও আমীনিত তালীম (সহকারী পরিচালক ও শিক্ষা সচিব)', '', '', 'হিফয=>=>জামিয়া ইসলামিয়া দারুল উলূম=>=>', 'ইফতা=>=>জামিয়া আব্দিল্লাহ ইবনে মাসউদ (রা.)=>=>', 'দাওরায়ে হাদীস=>=>জামিয়া ইসলামিয়া দারুল উলূম=>=>', 'ফাযিল=>=>মদিনাতুল উলূম বালক কামিল মাদরাসা=>মাদরাসা=>', '=>=>=>=>', '=>=>', '=>=>', '=>=>', '=>=>', '=>=>', '', '', '', '', 1, 1, 0, '2018-08-10 22:08:12', '2018-08-10 22:08:12'),
(6, 'মাওলানা কে এম শফিউল ইসলাম', '', 'male', '', '', '', '০১৯১৭-৭৯০১৬১', '', '', 'আমিনুল ইকামা ও মুসাঈদু আমীনিত তালীম (আবাসন সচিব ও সহকারী শিক্ষা সচিব)', '', '', 'ইফতা=>=>জামিয়া আব্দিল্লাহ ইবনে মাসউদ (রা.)=>=>', 'দাওরায়ে হাদীস=>=>মাদরাসা দারুর রাশাদ=>=>', 'আলিম=>=>আবাদচণ্ডিপুর দারুস সুন্নাহ মাদরাসা=>মাদরাসা=>', 'সাহিত্য ও সাংবাদিকতা=>=>মাদরাসা দারুর রাশাদ=>=>', '=>=>=>=>', '=>=>', '=>=>', '=>=>', '=>=>', '=>=>', '', '', '', '', 1, 1, 0, '2018-08-10 22:08:12', '2018-08-10 22:08:12'),
(7, 'মাওলানা মুহা. সাইদুল ইসলাম', '', 'male', '', '', '', '০১৯২৫-৮১৭৪৭২', '', '', 'আমিনুল মাকতাবাহ ও মুসাঈদু আমীনিল ইকামা (গ্রন্থাগারিক ও সহকারী আবাসন সচিব)', '', '', 'ইফতা=>=>জামিয়া ইসলামিয়া দারুল ইসলাম=>=>', 'দাওরায়ে হাদীস=>=>আলজামিয়াতুস সিদ্দীকিয়া, দারুল উলূম=>=>', '=>=>=>=>', '=>=>=>=>', '=>=>=>=>', '=>=>', '=>=>', '=>=>', '=>=>', '=>=>', '', '', '', '', 1, 1, 0, '2018-08-10 22:08:12', '2018-08-10 22:08:12'),
(8, 'মাওলানা মুহা. নাজমুস সাকিব', '', 'male', '', '', '', '০১৯১৮-১১১২৫৩', '', '', 'আমিনুল ইমতিহান ও মাখযান (পরীক্ষা নিয়ন্ত্রক ও সরঞ্জাম ব্যবস্থাপক)', '', '', 'ইফতা=>=>জামিয়া ইসলামিয়া দারুল ইসলাম=>=>', 'দাওরায়ে হাদীস=>=>জামিয়া শরইয়্যাহ=>=>', 'তাফসীর ও আদব=>=>মারকাজুল ইসলাম=>=>', '=>=>=>=>', '=>=>=>=>', '=>=>', '=>=>', '=>=>', '=>=>', '=>=>', '', '', '', '', 1, 1, 0, '2018-08-10 22:08:12', '2018-08-10 22:08:12'),
(9, 'মাওলানা মুহা. আবু বকর সিদ্দীক', '', 'male', '', '', '', '০১৯১৭-০৯৭৯৭০', '', '', 'আমিনুল মাতবাখ ও মুসাঈদুল মাকতাব (বোর্ডিং ব্যবস্থাপক ও অফিস সহকারী)', '', '', 'হিফয=>=>দারুল উলূম=>=>', 'দাওরায়ে হাদীস=>=>জামিয়া ইসলামিয়া মাযহারুল উলূম=>=>', '=>=>=>=>', '=>=>=>=>', '=>=>=>=>', '=>=>', '=>=>', '=>=>', '=>=>', '=>=>', '', '', '', '', 0, 1, 0, '2018-08-10 22:08:12', '2018-08-10 22:08:12'),
(10, 'মাওলানা মুহা. শাহ আলম', '', 'male', '', '', '', '০১৭৫৭-৭২৪২৬৯', '', '', 'মুসাঈদু আমীনিল ইকামা (সহকারী আবাসন সচিব)', '', '', 'ইফতা=>=>জামিয়া ইসলামিয়া দারুল ইসলাম=>=>', 'দাওরায়ে হাদীস=>=>আলজামিয়াতুস সিদ্দীকিয়া, দারুল উলূম=>=>', '=>=>=>=>', '=>=>=>=>', '=>=>=>=>', '=>=>', '=>=>', '=>=>', '=>=>', '=>=>', '', '', '', '', 0, 1, 0, '2018-08-10 22:08:12', '2018-08-10 22:08:12'),
(11, 'মাওলানা মুহা. মাসুম বিল্লাহ', '', 'male', '', '', '', '০১৮৫৪-০২২৩৪৬', '', '', 'মুসাঈদু আমীনিল ইমতিহান (সহকারী পরীক্ষা নিয়ন্ত্রক)', '', '', 'ইফতা=>=>শাইখ যাকারিয়া ইসলামিক রিসার্চ সেন্টার=>=>', 'দাওরায়ে হাদীস=>=>দারুল উলূম আলহুসাইনিয়া=>=>', '=>=>=>=>', '=>=>=>=>', '=>=>=>=>', '=>=>', '=>=>', '=>=>', '=>=>', '=>=>', '', '', '', '', 0, 1, 0, '2018-08-10 22:08:12', '2018-08-10 22:08:12'),
(12, 'মাওলানা মুহা. সাদুয যামান', '', 'male', '', '', '', '০১৯২৩-৭২৭৬০০', '', '', 'শিক্ষক', '', '', 'হিফয=>=>মাদরাসাতুল খইরিয়্যাহ, দুবাই, আরব আমিরাত=>=>', 'ইফতা ও আদব=>=>মাদরাসা মাযাহিরুল উলূম, সাহারানপুর, ভারত=>=>', 'দাওরায়ে হাদীস=>=>দারুল উলূম দেওবন্দ, ভারত=>=>', 'দাওরায়ে হাদীস=>=>জামিয়া রাহমানিয়া আরাবিয়া=>=>', '=>=>=>=>', '=>=>', '=>=>', '=>=>', '=>=>', '=>=>', '', '', '', '', 0, 1, 0, '2018-08-10 22:08:12', '2018-08-10 22:08:12'),
(13, 'মাওলানা মুহা. হাসিবুর রহমান', '', 'male', '', '', '', '০১৯১২-০২৬৬৭৩', '', '', 'শিক্ষক', '', '', 'দাওরায়ে হাদীস=>=>মাদরাসা দারুর রাশাদ=>=>', 'এইচ.এস.সি=>=>বাংলা কলেজ=>=>', '=>=>=>=>', '=>=>=>=>', '=>=>=>=>', '=>=>', '=>=>', '=>=>', '=>=>', '=>=>', '', '', '', '', 0, 1, 0, '2018-08-10 22:08:12', '2018-08-10 22:08:12'),
(14, 'মাওলানা মুহা. আমজাদ বিন সাদেক', '', 'male', '', '', '', '০১৮১৮-৫৫৩৩১০', '', '', 'শিক্ষক', '', '', 'হিফয=>=>বিবাড়িয়া হাফিজিয়া মাদরাসা=>=>', 'দাওরায়ে হাদীস=>=>দারুল উলূম দেওবন্দ=>=>', '=>=>=>=>', '=>=>=>=>', '=>=>=>=>', '=>=>', '=>=>', '=>=>', '=>=>', '=>=>', '', '', '', '', 0, 1, 0, '2018-08-10 22:08:12', '2018-08-10 22:08:12'),
(15, 'মাওলানা মুহা. আব্দুল কাইয়ুম', '', 'male', '', '', '', '০১৯৩৭-২৪৮৫৫৬', '', '', 'শিক্ষক', '', '', 'হিফয=>=>জামিয়া ইসলামিয়া দারুল উলূম=>=>', 'ইফতা=>=>আশরাফিয়া মাদরাসা=>=>', 'দাওরায়ে হাদীস=>=>জামিয়া ইসলামিয়া দারুল উলূম=>=>', '=>=>=>=>', '=>=>=>=>', '=>=>', '=>=>', '=>=>', '=>=>', '=>=>', '', '', '', '', 0, 1, 0, '2018-08-10 22:08:12', '2018-08-10 22:08:12'),
(16, 'মাওলানা মুহা. আব্দুল কাদের', '', 'male', '', '', '', '০১৯৮৯-২৭০৯৪৬', '', '', 'শিক্ষক', '', '', 'দাওরায়ে হাদীস=>=>জামিয়াতুস সুন্নাহ=>=>', '=>=>=>=>', '=>=>=>=>', '=>=>=>=>', '=>=>=>=>', '=>=>', '=>=>', '=>=>', '=>=>', '=>=>', '', '', '', '', 0, 1, 0, '2018-08-10 22:08:12', '2018-08-10 22:08:12'),
(17, 'মাওলানা মুহা. ইসমাইল মিরপুরী', '', 'male', '', '', '', '০১৬৭৬-৫১৯৬৮৭', '', '', 'শিক্ষক', '', '', 'দাওরায়ে হাদীস=>2007=>দারুল উলূম মাদরাসা=>=>', '=>=>=>=>', '=>=>=>=>', '=>=>=>=>', '=>=>=>=>', '=>=>', '=>=>', '=>=>', '=>=>', '=>=>', '', '', '', '', 0, 1, 0, '2018-08-10 22:08:12', '2018-08-10 22:08:12'),
(18, 'মুহা. মাহবুবুল হাসান', '', 'male', '', '', '', '০১৬১২-২১৯৯০০', ' ', '', 'শিক্ষক', '', '', 'এম.বি.এ=>=>গ্রীন ইউনিভার্সিটি, মিরপুর, ঢাকা=>=>', 'বি.বি.এ=>=>মিরপুর কলেজ, মিরপুর, ঢাকা=>=>', '=>=>=>=>', '=>=>=>=>', '=>=>=>=>', ' => =>', '=>=>', '=>=>', '=>=>', '=>=>', '', '', '', '', 0, 1, 0, '2018-08-10 22:08:12', '2018-08-10 22:08:12'),
(19, 'মুহা. রবিউল ইসলাম', '', 'male', '', '', '', '০১৭২৭-৬৮৮২৯৭', '', '', 'শিক্ষক', '', '', 'এম.বি.এ=>=>তিতুমির কলেজ, মহাখালী, ঢাকা=>=>', 'বি.বি.এ=>=>মিরপুর কলেজ, মিরপুর, ঢাকা=>=>', '=>=>=>=>', '=>=>=>=>', '=>=>=>=>', '=>=>', '=>=>', '=>=>', '=>=>', '=>=>', '', '', '', '', 0, 1, 0, '2018-08-10 22:08:12', '2018-08-10 22:08:12'),
(20, 'হাফিয মাওলানা মুহা. মাহমুদুল হাসান', '', 'male', '', '', '', '০১৯৬৩-৯৪৩৩৯০', '', '', 'শিক্ষক', '', '', 'হিফজ=>=>আসহাবে সুফ্ফা তাহফীযুল কুরআন মাদরাসা, মিরপুর, ঢাকা=>=>', 'দাওরায়ে হাদীস=>=>জামিয়া ইসলামিয়া দারুল উলূম, খিলগাঁও, ঢাকা=>=>', '=>=>=>=>', '=>=>=>=>', '=>=>=>=>', '=>=>', '=>=>', '=>=>', '=>=>', '=>=>', '', '', '', '', 0, 1, 0, '2018-08-10 22:08:12', '2018-08-10 22:08:12'),
(21, 'হাফিয মাওলানা মুহা. ইকরাম হোসাইন (সিদ্দিকী)', '', 'male', '', '', '', '০১৬৮১-৫২৯০৭৩', '', '', 'শিক্ষক', '', NULL, 'হিফজ=>=>জামিয়া সিদ্দীকিয়া মুসলিম নগর মাদরাসা, সাভার, ঢাকা=>=>', 'দাওরায়ে হাদীস=>=>দারুল উলূম, মিরপুর-৬, ঢাকা=>=>', '=>=>=>=>', '=>=>=>=>', '=>=>=>=>', '=>=>', '=>=>', '=>=>', '=>=>', '=>=>', '', '', '', '', 0, 1, 0, '2018-08-10 22:08:12', '2018-08-10 22:08:12'),
(22, 'হাফেয মুহা. আবু সাবের নাঈম', '', 'male', '', '', '', '০১৯৩৩-৪২৯০২০', '', '', 'শিক্ষক', '', NULL, 'হিফয=>=>জামিয়া সিদ্দীকিয়া মুসলিম নগর মাদরাসা, সাভার, ঢাকা=>=>', '=>=>=>=>', '=>=>=>=>', '=>=>=>=>', '=>=>=>=>', '=>=>', '=>=>', '=>=>', '=>=>', '=>=>', '', '', '', '', 0, 1, 0, '2018-08-10 22:08:12', '2018-08-10 22:08:12'),
(23, 'হাফেয মুহা. মিযানুর রহমান', '', 'male', '', '', '', '০১৯৬৬-৩২৮২২৮', '', '', 'শিক্ষক', '', NULL, 'হিফয=>=>জামিয়া ওবাইদিয়া, নানুপুর, ফটিকছড়ি, চট্টগ্রাম=>=>', 'সানাবিয়া উলইয়া=>=>জামিয়া ওবাইদিয়া, নানুপুর, ফটিকছড়ি, চট্টগ্রাম=>=>', 'আলিম=>=>বাংলাদেশ মাদরাসা শিক্ষা বোর্ড, ঢাকা=>মাদরাসা=>', '=>=>=>=>', '=>=>=>=>', '=>=>', '=>=>', '=>=>', '=>=>', '=>=>', '', '', '', '', 0, 1, 0, '2018-08-10 22:08:12', '2018-08-10 22:08:12'),
(24, 'কারী মাওলানা ফখরুদ্দীন আহমাদ', '', 'male', '', '', '', '০১৯৬০-৪৮৮৭০০', '', '', 'শিক্ষক', '', NULL, 'কেরাত=>=>হুসাইনিয়া আশরাফুল উলূম (বড়কাটারা) মাদরাসা,চক বাজার, ঢাকা=>=>', 'দাওরায়ে হাদীস=>=>জামিয়া ইসলামিয়া দারুল উলূম মাদানিয়া, যাত্রাবাড়ী, ঢাকা=>=>', '=>=>=>=>', '=>=>=>=>', '=>=>=>=>', '=>=>', '=>=>', '=>=>', '=>=>', '=>=>', '', '', '', '', 0, 1, 0, '2018-08-10 22:08:12', '2018-08-10 22:08:12'),
(25, 'মাওলানা মুহা. মাসউদুর রহমান', '', 'male', '', '', '', '০১৭৬০-১১২১৬৯', '', '', 'শিক্ষক', '', NULL, 'দাওরায়ে হাদীস=>=>জামিয়া ইসলামিয়া দারুল উলূম, গওহরডাঙ্গা, গোপালগঞ্জ=>=>', '=>=>=>=>', '=>=>=>=>', '=>=>=>=>', '=>=>=>=>', '=>=>', '=>=>', '=>=>', '=>=>', '=>=>', '', '', '', '', 0, 1, 0, '2018-08-10 22:08:12', '2018-08-10 22:08:12'),
(26, 'হাফিয মাওলানা মুহা. তমিজুদ্দীন', '', 'male', '', '', '', '০১৭৫৮-৮৪৬২১৫', '', '', 'শিক্ষক', '', NULL, 'দাওরায়ে হাদীস=>=>জামিয়া ইবরাহিমিয়া বাইতুল মাহফুজ মাদরাসা, মহাখালী, ঢাকা=>=>', '=>=>=>=>', '=>=>=>=>', '=>=>=>=>', '=>=>=>=>', '=>=>', '=>=>', '=>=>', '=>=>', '=>=>', '', '', '', '', 1, 1, 0, '2018-08-10 22:08:12', '2018-08-10 22:08:12'),
(27, 'মুহা. ফয়সাল আলম	', '', 'male', '', '', '', '০১৮৫৯-১৩৭৩৫১', '', '', 'শিক্ষক', '', NULL, 'নূরানী প্রশিক্ষণ=>=>বাংলাদেশ নূরানী তালিমুল কুরআন বোর্ড, মোহাম্মাদপুর, ঢাকা=>=>', '=>=>=>=>', '=>=>=>=>', '=>=>=>=>', '=>=>=>=>', '=>=>', '=>=>', '=>=>', '=>=>', '=>=>', '', '', '', '', 0, 1, 0, '2018-08-10 22:08:12', '2018-08-10 22:08:12'),
(28, 'ইয়াসির আরাফাত শুভ', '', 'male', '', '', '', '০১৭৫৬৫৬০৯২৮', '', 'arafat', 'কম্পিউটার ইঞ্জিনিয়ার ', '', 'arafat', '=>=>=>=>', '=>=>=>=>', '=>=>=>=>', '=>=>=>=>', '=>=>=>=>', '=>=>', '=>=>', '=>=>', '=>=>', '=>=>', '', '', '', '', 0, 1, 0, '2018-08-10 22:08:12', '2018-08-10 22:08:12'),
(29, 'mainul12ss', '', 'male', '', '', 'dfdeefef', '01712034484', '', 'mainul', 'sasd', '0', 'mainul', '=>=>=>=>', '=>=>=>=>', '=>=>=>=>', '=>=>=>=>', '=>=>=>=>', '=>=>', '=>=>', '=>=>', '=>=>', '=>=>', '', '', '', '', 0, 1, 0, '2018-09-02 23:46:47', '2018-09-02 07:55:17'),
(31, 'mainul12', '', 'male', '', 'o+', 'dfdeefef', '01712034484', '', 'mainul', 'sasd', '0', 'mainul', '=>=>=>=>', '=>=>=>=>', '=>=>=>=>', '=>=>=>=>', '=>=>=>=>', '=>=>', '=>=>', '=>=>', '=>=>', '=>=>', '', '', '', '', 0, 1, 0, '2018-09-02 23:49:59', '2018-09-02 23:49:59');

-- --------------------------------------------------------

--
-- Table structure for table `transaction`
--

CREATE TABLE `transaction` (
  `transaction_id` int(11) NOT NULL,
  `txid` varchar(200) COLLATE latin1_general_ci NOT NULL,
  `title` text COLLATE latin1_general_ci NOT NULL,
  `incoming` double NOT NULL,
  `outgoing` double NOT NULL,
  `type` varchar(200) COLLATE latin1_general_ci NOT NULL,
  `note` text COLLATE latin1_general_ci NOT NULL,
  `division` varchar(100) COLLATE latin1_general_ci NOT NULL,
  `status` int(11) NOT NULL DEFAULT '1',
  `session_id` int(11) NOT NULL DEFAULT '0',
  `created_at` datetime NOT NULL DEFAULT CURRENT_TIMESTAMP,
  `updated_at` datetime NOT NULL DEFAULT CURRENT_TIMESTAMP
) ENGINE=InnoDB DEFAULT CHARSET=latin1 COLLATE=latin1_general_ci;

--
-- Dumping data for table `transaction`
--

INSERT INTO `transaction` (`transaction_id`, `txid`, `title`, `incoming`, `outgoing`, `type`, `note`, `division`, `status`, `session_id`, `created_at`, `updated_at`) VALUES
(3, '5b6fbc872d037', 'Testing1', 0, 563, 'expense', 'sf', 'madrasah', 1, 1, '2018-08-12 10:50:15', '2018-08-12 10:50:15'),
(4, '5b8aef2fdbbd8', 'student fee', 4000, 0, 'income', '', 'madrasah', 1, 1, '2018-09-02 01:57:35', '2018-09-02 01:57:35'),
(5, '5b8aef6a9c89d', 'juma dan', 1200, 0, 'income', '', 'masjid', 1, 1, '2018-09-02 01:58:34', '2018-09-02 01:58:34'),
(6, '5b8af1c48bedf', 'khata', 0, 2000, 'expense', '', 'madrasah', 1, 1, '2018-09-02 02:08:36', '2018-09-02 02:08:36'),
(7, '5b8af1f25165c', 'water pump rep', 0, 500, 'expense', '', 'masjid', 1, 1, '2018-09-02 02:09:22', '2018-09-02 02:09:22');

-- --------------------------------------------------------

--
-- Table structure for table `transport`
--

CREATE TABLE `transport` (
  `transport_id` int(11) NOT NULL,
  `route_name` longtext COLLATE utf8_unicode_ci NOT NULL,
  `number_of_vehicle` longtext COLLATE utf8_unicode_ci NOT NULL,
  `description` longtext COLLATE utf8_unicode_ci NOT NULL,
  `route_fare` longtext COLLATE utf8_unicode_ci NOT NULL,
  `status` int(2) NOT NULL DEFAULT '1' COMMENT '0=enable;1=disable;',
  `session_id` int(11) NOT NULL DEFAULT '0',
  `created_at` datetime NOT NULL DEFAULT CURRENT_TIMESTAMP,
  `updated_at` datetime NOT NULL DEFAULT CURRENT_TIMESTAMP
) ENGINE=MyISAM DEFAULT CHARSET=utf8 COLLATE=utf8_unicode_ci;

-- --------------------------------------------------------

--
-- Table structure for table `user_manual`
--

CREATE TABLE `user_manual` (
  `manual_id` int(11) NOT NULL,
  `manual_title` text CHARACTER SET utf8 NOT NULL,
  `manual_description` text CHARACTER SET utf8 NOT NULL,
  `language` varchar(200) CHARACTER SET utf8 NOT NULL,
  `active` int(2) NOT NULL DEFAULT '1' COMMENT '0=enable;1=disable;'
) ENGINE=MyISAM DEFAULT CHARSET=utf8 COLLATE=utf8_unicode_ci;

--
-- Indexes for dumped tables
--

--
-- Indexes for table `academic_assignment_report`
--
ALTER TABLE `academic_assignment_report`
  ADD PRIMARY KEY (`assignment_report_id`);

--
-- Indexes for table `academic_manage_assignment`
--
ALTER TABLE `academic_manage_assignment`
  ADD PRIMARY KEY (`assignment_id`);

--
-- Indexes for table `academic_manage_homework`
--
ALTER TABLE `academic_manage_homework`
  ADD PRIMARY KEY (`homework_id`);

--
-- Indexes for table `academic_manage_note`
--
ALTER TABLE `academic_manage_note`
  ADD PRIMARY KEY (`note_id`);

--
-- Indexes for table `admin`
--
ALTER TABLE `admin`
  ADD PRIMARY KEY (`admin_id`);

--
-- Indexes for table `attendance`
--
ALTER TABLE `attendance`
  ADD PRIMARY KEY (`attendance_id`);

--
-- Indexes for table `book`
--
ALTER TABLE `book`
  ADD PRIMARY KEY (`book_id`);

--
-- Indexes for table `book_manage`
--
ALTER TABLE `book_manage`
  ADD PRIMARY KEY (`book_manage_id`);

--
-- Indexes for table `class`
--
ALTER TABLE `class`
  ADD PRIMARY KEY (`class_id`);

--
-- Indexes for table `class_routine`
--
ALTER TABLE `class_routine`
  ADD PRIMARY KEY (`class_routine_id`);

--
-- Indexes for table `content`
--
ALTER TABLE `content`
  ADD PRIMARY KEY (`content_id`);

--
-- Indexes for table `document`
--
ALTER TABLE `document`
  ADD PRIMARY KEY (`document_id`);

--
-- Indexes for table `dormitory`
--
ALTER TABLE `dormitory`
  ADD PRIMARY KEY (`dormitory_id`);

--
-- Indexes for table `equipment_supplies`
--
ALTER TABLE `equipment_supplies`
  ADD PRIMARY KEY (`equipment_id`);

--
-- Indexes for table `exam`
--
ALTER TABLE `exam`
  ADD PRIMARY KEY (`exam_id`);

--
-- Indexes for table `exam_details`
--
ALTER TABLE `exam_details`
  ADD PRIMARY KEY (`exam_details_id`);

--
-- Indexes for table `fee_payment`
--
ALTER TABLE `fee_payment`
  ADD PRIMARY KEY (`fee_payment_id`);

--
-- Indexes for table `fee_structure`
--
ALTER TABLE `fee_structure`
  ADD PRIMARY KEY (`fee_structure_id`);

--
-- Indexes for table `grade`
--
ALTER TABLE `grade`
  ADD PRIMARY KEY (`grade_id`);

--
-- Indexes for table `hrm_leave_head`
--
ALTER TABLE `hrm_leave_head`
  ADD PRIMARY KEY (`leave_head_id`);

--
-- Indexes for table `hrm_leave_history`
--
ALTER TABLE `hrm_leave_history`
  ADD PRIMARY KEY (`leave_history_id`);

--
-- Indexes for table `hrm_leave_setup`
--
ALTER TABLE `hrm_leave_setup`
  ADD PRIMARY KEY (`leave_setup_id`);

--
-- Indexes for table `invoice`
--
ALTER TABLE `invoice`
  ADD PRIMARY KEY (`invoice_id`);

--
-- Indexes for table `mark`
--
ALTER TABLE `mark`
  ADD PRIMARY KEY (`mark_id`);

--
-- Indexes for table `message`
--
ALTER TABLE `message`
  ADD PRIMARY KEY (`message_id`);

--
-- Indexes for table `news`
--
ALTER TABLE `news`
  ADD PRIMARY KEY (`news_id`);

--
-- Indexes for table `noticeboard`
--
ALTER TABLE `noticeboard`
  ADD PRIMARY KEY (`notice_id`);

--
-- Indexes for table `parent`
--
ALTER TABLE `parent`
  ADD PRIMARY KEY (`parent_id`);

--
-- Indexes for table `section`
--
ALTER TABLE `section`
  ADD PRIMARY KEY (`section_id`);

--
-- Indexes for table `session`
--
ALTER TABLE `session`
  ADD PRIMARY KEY (`session_id`);

--
-- Indexes for table `setting`
--
ALTER TABLE `setting`
  ADD PRIMARY KEY (`system_id`);

--
-- Indexes for table `staff_attendance`
--
ALTER TABLE `staff_attendance`
  ADD PRIMARY KEY (`attendance_id`);

--
-- Indexes for table `staff_payment`
--
ALTER TABLE `staff_payment`
  ADD PRIMARY KEY (`payment_id`);

--
-- Indexes for table `staff_salary_structure`
--
ALTER TABLE `staff_salary_structure`
  ADD PRIMARY KEY (`salary_structure_id`);

--
-- Indexes for table `student`
--
ALTER TABLE `student`
  ADD PRIMARY KEY (`student_id`);

--
-- Indexes for table `student_leave_history`
--
ALTER TABLE `student_leave_history`
  ADD PRIMARY KEY (`leave_history_id`);

--
-- Indexes for table `subject`
--
ALTER TABLE `subject`
  ADD PRIMARY KEY (`subject_id`);

--
-- Indexes for table `teacher`
--
ALTER TABLE `teacher`
  ADD PRIMARY KEY (`teacher_id`);

--
-- Indexes for table `transaction`
--
ALTER TABLE `transaction`
  ADD PRIMARY KEY (`transaction_id`);

--
-- Indexes for table `transport`
--
ALTER TABLE `transport`
  ADD PRIMARY KEY (`transport_id`);

--
-- Indexes for table `user_manual`
--
ALTER TABLE `user_manual`
  ADD PRIMARY KEY (`manual_id`);

--
-- AUTO_INCREMENT for dumped tables
--

--
-- AUTO_INCREMENT for table `academic_assignment_report`
--
ALTER TABLE `academic_assignment_report`
  MODIFY `assignment_report_id` int(11) NOT NULL AUTO_INCREMENT, AUTO_INCREMENT=26;

--
-- AUTO_INCREMENT for table `academic_manage_assignment`
--
ALTER TABLE `academic_manage_assignment`
  MODIFY `assignment_id` int(11) NOT NULL AUTO_INCREMENT, AUTO_INCREMENT=2;

--
-- AUTO_INCREMENT for table `academic_manage_homework`
--
ALTER TABLE `academic_manage_homework`
  MODIFY `homework_id` int(11) NOT NULL AUTO_INCREMENT, AUTO_INCREMENT=3;

--
-- AUTO_INCREMENT for table `academic_manage_note`
--
ALTER TABLE `academic_manage_note`
  MODIFY `note_id` int(11) NOT NULL AUTO_INCREMENT, AUTO_INCREMENT=3;

--
-- AUTO_INCREMENT for table `admin`
--
ALTER TABLE `admin`
  MODIFY `admin_id` int(11) NOT NULL AUTO_INCREMENT, AUTO_INCREMENT=5;

--
-- AUTO_INCREMENT for table `attendance`
--
ALTER TABLE `attendance`
  MODIFY `attendance_id` int(11) NOT NULL AUTO_INCREMENT, AUTO_INCREMENT=28;

--
-- AUTO_INCREMENT for table `book`
--
ALTER TABLE `book`
  MODIFY `book_id` int(11) NOT NULL AUTO_INCREMENT;

--
-- AUTO_INCREMENT for table `book_manage`
--
ALTER TABLE `book_manage`
  MODIFY `book_manage_id` int(11) NOT NULL AUTO_INCREMENT;

--
-- AUTO_INCREMENT for table `class`
--
ALTER TABLE `class`
  MODIFY `class_id` int(11) NOT NULL AUTO_INCREMENT, AUTO_INCREMENT=24;

--
-- AUTO_INCREMENT for table `class_routine`
--
ALTER TABLE `class_routine`
  MODIFY `class_routine_id` int(11) NOT NULL AUTO_INCREMENT;

--
-- AUTO_INCREMENT for table `content`
--
ALTER TABLE `content`
  MODIFY `content_id` int(11) NOT NULL AUTO_INCREMENT;

--
-- AUTO_INCREMENT for table `document`
--
ALTER TABLE `document`
  MODIFY `document_id` int(11) NOT NULL AUTO_INCREMENT;

--
-- AUTO_INCREMENT for table `dormitory`
--
ALTER TABLE `dormitory`
  MODIFY `dormitory_id` int(11) NOT NULL AUTO_INCREMENT;

--
-- AUTO_INCREMENT for table `equipment_supplies`
--
ALTER TABLE `equipment_supplies`
  MODIFY `equipment_id` int(11) NOT NULL AUTO_INCREMENT, AUTO_INCREMENT=4;

--
-- AUTO_INCREMENT for table `exam`
--
ALTER TABLE `exam`
  MODIFY `exam_id` int(11) NOT NULL AUTO_INCREMENT, AUTO_INCREMENT=31;

--
-- AUTO_INCREMENT for table `exam_details`
--
ALTER TABLE `exam_details`
  MODIFY `exam_details_id` int(11) NOT NULL AUTO_INCREMENT, AUTO_INCREMENT=160;

--
-- AUTO_INCREMENT for table `fee_payment`
--
ALTER TABLE `fee_payment`
  MODIFY `fee_payment_id` int(11) NOT NULL AUTO_INCREMENT, AUTO_INCREMENT=5;

--
-- AUTO_INCREMENT for table `fee_structure`
--
ALTER TABLE `fee_structure`
  MODIFY `fee_structure_id` int(11) NOT NULL AUTO_INCREMENT, AUTO_INCREMENT=6;

--
-- AUTO_INCREMENT for table `grade`
--
ALTER TABLE `grade`
  MODIFY `grade_id` int(11) NOT NULL AUTO_INCREMENT, AUTO_INCREMENT=6;

--
-- AUTO_INCREMENT for table `hrm_leave_head`
--
ALTER TABLE `hrm_leave_head`
  MODIFY `leave_head_id` int(11) NOT NULL AUTO_INCREMENT, AUTO_INCREMENT=8;

--
-- AUTO_INCREMENT for table `hrm_leave_history`
--
ALTER TABLE `hrm_leave_history`
  MODIFY `leave_history_id` int(11) NOT NULL AUTO_INCREMENT, AUTO_INCREMENT=6;

--
-- AUTO_INCREMENT for table `hrm_leave_setup`
--
ALTER TABLE `hrm_leave_setup`
  MODIFY `leave_setup_id` int(11) NOT NULL AUTO_INCREMENT, AUTO_INCREMENT=15;

--
-- AUTO_INCREMENT for table `invoice`
--
ALTER TABLE `invoice`
  MODIFY `invoice_id` int(11) NOT NULL AUTO_INCREMENT;

--
-- AUTO_INCREMENT for table `mark`
--
ALTER TABLE `mark`
  MODIFY `mark_id` int(11) NOT NULL AUTO_INCREMENT, AUTO_INCREMENT=5;

--
-- AUTO_INCREMENT for table `message`
--
ALTER TABLE `message`
  MODIFY `message_id` int(11) NOT NULL AUTO_INCREMENT;

--
-- AUTO_INCREMENT for table `news`
--
ALTER TABLE `news`
  MODIFY `news_id` int(11) NOT NULL AUTO_INCREMENT, AUTO_INCREMENT=3;

--
-- AUTO_INCREMENT for table `noticeboard`
--
ALTER TABLE `noticeboard`
  MODIFY `notice_id` int(11) NOT NULL AUTO_INCREMENT, AUTO_INCREMENT=4;

--
-- AUTO_INCREMENT for table `parent`
--
ALTER TABLE `parent`
  MODIFY `parent_id` int(11) NOT NULL AUTO_INCREMENT, AUTO_INCREMENT=138;

--
-- AUTO_INCREMENT for table `section`
--
ALTER TABLE `section`
  MODIFY `section_id` int(11) NOT NULL AUTO_INCREMENT, AUTO_INCREMENT=21;

--
-- AUTO_INCREMENT for table `session`
--
ALTER TABLE `session`
  MODIFY `session_id` int(11) NOT NULL AUTO_INCREMENT, AUTO_INCREMENT=3;

--
-- AUTO_INCREMENT for table `setting`
--
ALTER TABLE `setting`
  MODIFY `system_id` int(10) NOT NULL AUTO_INCREMENT, AUTO_INCREMENT=2;

--
-- AUTO_INCREMENT for table `staff_attendance`
--
ALTER TABLE `staff_attendance`
  MODIFY `attendance_id` int(11) NOT NULL AUTO_INCREMENT, AUTO_INCREMENT=7;

--
-- AUTO_INCREMENT for table `staff_payment`
--
ALTER TABLE `staff_payment`
  MODIFY `payment_id` int(11) NOT NULL AUTO_INCREMENT, AUTO_INCREMENT=4;

--
-- AUTO_INCREMENT for table `staff_salary_structure`
--
ALTER TABLE `staff_salary_structure`
  MODIFY `salary_structure_id` int(11) NOT NULL AUTO_INCREMENT, AUTO_INCREMENT=4;

--
-- AUTO_INCREMENT for table `student`
--
ALTER TABLE `student`
  MODIFY `student_id` int(11) NOT NULL AUTO_INCREMENT, AUTO_INCREMENT=153;

--
-- AUTO_INCREMENT for table `student_leave_history`
--
ALTER TABLE `student_leave_history`
  MODIFY `leave_history_id` int(11) NOT NULL AUTO_INCREMENT, AUTO_INCREMENT=3;

--
-- AUTO_INCREMENT for table `subject`
--
ALTER TABLE `subject`
  MODIFY `subject_id` int(11) NOT NULL AUTO_INCREMENT, AUTO_INCREMENT=115;

--
-- AUTO_INCREMENT for table `teacher`
--
ALTER TABLE `teacher`
  MODIFY `teacher_id` int(11) NOT NULL AUTO_INCREMENT, AUTO_INCREMENT=32;

--
-- AUTO_INCREMENT for table `transaction`
--
ALTER TABLE `transaction`
  MODIFY `transaction_id` int(11) NOT NULL AUTO_INCREMENT, AUTO_INCREMENT=8;

--
-- AUTO_INCREMENT for table `transport`
--
ALTER TABLE `transport`
  MODIFY `transport_id` int(11) NOT NULL AUTO_INCREMENT;

--
-- AUTO_INCREMENT for table `user_manual`
--
ALTER TABLE `user_manual`
  MODIFY `manual_id` int(11) NOT NULL AUTO_INCREMENT;
COMMIT;

/*!40101 SET CHARACTER_SET_CLIENT=@OLD_CHARACTER_SET_CLIENT */;
/*!40101 SET CHARACTER_SET_RESULTS=@OLD_CHARACTER_SET_RESULTS */;
/*!40101 SET COLLATION_CONNECTION=@OLD_COLLATION_CONNECTION */;
